crew_id,DUB,SXB,VCE,VIE
WEQEASXJ,1,1,1,1
WPJYABSZ,1,1,1,1
XFZIOLXB,1,1,1,1
QFCGFKNU,1,1,1,1
YMNBIYUF,1,1,1,1
PHQJVNIO,1,1,1,1
IKKEUEBU,1,1,1,1
QMQJFMER,1,1,1,1
PRZCTIOA,1,1,1,1
MKJNKCCJ,1,1,1,1
NXBTUOFR,1,1,1,1
YZXMVXLL,1,1,1,1
URFKGCDW,1,1,1,1
CKXQMGCR,1,1,1,1
UGNMJWPO,1,1,1,1
RGQCUFJE,1,1,1,1
VSHIMZDR,1,1,1,1
XZBGDFNF,1,1,1,1
VYXBSZVB,1,1,1,1
QWNVMFHV,1,1,1,1
DLOXWVCT,1,1,1,1
HQIFFZRU,1,1,1,1
LVGFQUAK,1,1,1,1
VQBORCPO,1,1,1,1
GGZEIYOA,1,1,1,1
QPLOWSCB,1,1,1,1
MJOFJSBV,1,1,1,1
UPBUTQHN,1,1,1,1
MSCWOKBQ,1,1,1,1
IMOBFWLT,1,1,1,1
YPYPPBYU,1,1,1,1
DHCWJMSU,1,1,1,1
QTUIQFMZ,1,1,1,1
UNTBRVDA,1,1,1,1
QUBSFAIQ,1,1,1,1
BDPLSNKT,1,1,1,1
NMYBZZQT,1,1,1,1
BZJJFCYU,1,1,1,1
QMAPEZUJ,1,1,1,1
DGMKENVN,1,1,1,1
QPPGXQLZ,1,1,1,1
QZAXDEFZ,1,1,1,1
HDFZJKRX,1,1,1,1
KMDRAIUF,1,1,1,1
WVHMSBEP,1,1,1,1
ETNLDKEC,1,1,1,1
AEHCJPKJ,1,1,1,1
RSCYRRBK,1,1,1,1
WXMNSHLP,1,1,1,1
IZVYVIDR,1,1,1,1
EYUMVKRI,1,1,1,1
KEFYFNLP,1,1,1,1
TTPDMKFP,1,1,1,1
LPSRVIXT,1,1,1,1
VBQNEOCI,1,1,1,1
KYTSCTMF,1,1,1,1
DJRTKJMO,1,1,1,1
TXKKGGCQ,1,1,1,1
DGMSTSOQ,1,1,1,1
ADEVNGXY,1,1,1,1
TJUMKUBE,1,1,1,1
BIJINEUK,1,1,1,1
RYOVKJFE,1,1,1,1
YBMKVBUU,1,1,1,1
SDKJOMOH,1,1,1,1
RQSLTMGA,1,1,1,1
IRRCMJBM,1,1,1,1
TKEQYMCC,1,1,1,1
WHXYMWFL,1,1,1,1
GBCDGTTR,1,1,1,1
NHHGNWWQ,1,1,1,1
MIKQFATP,1,1,1,1
BLNFUDOV,1,1,1,1
REIKHKLD,1,1,1,1
NMPIDUJE,1,1,1,1
IJNQSIXU,1,1,1,1
UFRZIMMY,1,1,1,1
UUJEVTYB,1,1,1,1
VMKOBPHF,1,1,1,1
MDPBEKDH,1,1,1,1
EIYYEKRR,1,1,1,1
EBRZOYUS,1,1,1,1
WSDNLAZC,1,1,1,1
VZDSUPNJ,1,1,1,1
KOFWQWGW,1,1,1,1
KYCZUBVO,1,1,1,1
PPGWLNJJ,1,1,1,1
QJAAFQEF,1,1,1,1
AMLGGMYP,1,1,1,1
XSSIPTQL,1,1,1,1
GEXJYOLW,1,1,1,1
TRAFWJDB,1,1,1,1
WZRMJTEE,1,1,1,1
PPBSALQA,1,1,1,1
JPMXYDCV,1,1,1,1
BNIYYLMU,1,1,1,1
FSLDBJNH,1,1,1,1
ZNQWPUUY,1,1,1,1
CMRMCDOY,1,1,1,1
SKTPHFRV,1,1,1,1
NLVQUKUP,1,1,1,1
BEEDNQHV,1,1,1,1
ODUKSSRC,1,1,1,1
JLZRJYXL,1,1,1,1
WZDMKUCU,1,1,1,1
YDBTPCZC,1,1,1,1
ZHCZGORJ,1,1,1,1
FLOCRBZO,1,1,1,1
EUZZHPAS,1,1,1,1
TPWHICLZ,1,1,1,1
JRGYZOLL,1,1,1,1
ZRMARNXC,1,1,1,1
ZIOJYPIF,1,1,1,1
PGFWGLPV,1,1,1,1
MRGGQXOQ,1,1,1,1
JQEXQNBS,1,1,1,1
HXTVRNSL,1,1,1,1
DBYZDBRT,1,1,1,1
MNNGPOPO,1,1,1,1
BPDPNDZG,1,1,1,1
HFUZKKMV,1,1,1,1
TVLWOCXQ,1,1,1,1
UVWDCZVH,1,1,1,1
FEDOXJCT,1,1,1,1
GAFHJRVA,1,1,1,1
IKCZUVKI,1,1,1,1
PTYHGJRU,1,1,1,1
JWHMIMYE,1,1,1,1
XKSCZQNQ,1,1,1,1
OMSZLVKU,1,1,1,1
ZZLTDXBT,1,1,1,1
YGTPNNNO,1,1,1,1
GPVCOBAM,1,1,1,1
DUENIDNJ,1,1,1,1
BUBNMKUI,1,1,1,1
TNENQLIP,1,1,1,1
AXYYSBDL,1,1,1,1
PUTRIQSI,1,1,1,1
YANOVORY,1,1,1,1
XZCPCAWY,1,1,1,1
QEVCNPED,1,1,1,1
PTVEGOCX,1,1,1,1
VDGPNVKQ,1,1,1,1
MJCHOEUO,1,1,1,1
KEUWDWRV,1,1,1,1
CWIDXCQS,1,1,1,1
ZQUIPEEL,1,1,1,1
ZTOACFSM,1,1,1,1
GCTXPEYC,1,1,1,1
SJVNUYGM,1,1,1,1
IDZPZGUW,1,1,1,1
LCPWCPLW,1,1,1,1
MGJYHZQD,1,1,1,1
OKFCFARJ,1,1,1,1
HQQKUBIY,1,1,1,1
YLRCFDSW,1,1,1,1
ESVCABZW,1,1,1,1
NLBCERNB,1,1,1,1
NSRPUKQS,1,1,1,1
ROGIGKCS,1,1,1,1
JSZFUYRQ,1,1,1,1
UMLCHEVO,1,1,1,1
UKSNIUNP,1,1,1,1
DOLKIWCQ,1,1,1,1
SLSTPSAY,1,1,1,1
WKMWSDRN,1,1,1,1
GYLPJKIA,1,1,1,1
FFNJAVBN,1,1,1,1
ZVQFPIAE,1,1,1,1
XLXZEAPY,1,1,1,1
YRUTZZRJ,1,1,1,1
ILQJDBJH,1,1,1,1
OJXYKRIM,1,1,1,1
EGOEUMJS,1,1,1,1
AQOPOOXK,1,1,1,1
BLCUWZDK,1,1,1,1
VVIINAUY,1,1,1,1
JCQFAZXF,1,1,1,1
XMEDGIHP,1,1,1,1
FJZKEWUV,1,1,1,1
SITTTJVR,1,1,1,1
UYJXCUUW,1,1,1,1
BSWZZONA,1,1,1,1
GITLHWPQ,1,1,1,1
TNNHVDHQ,1,1,1,1
YGVNDQPZ,1,1,1,1
YNKYENQI,1,1,1,1
OIMWTHWJ,1,1,1,1
JIJLNHCQ,1,1,1,1
FWVWBMBU,1,1,1,1
FGHYXQRU,1,1,1,1
AYNVJFWY,1,1,1,1
LOCRAWQE,1,1,1,1
KDGZKBQN,1,1,1,1
PWIPTWSP,1,1,1,1
FVIRFYPV,1,1,1,1
NOOZBQWT,1,1,1,1
IYFYHQSA,1,1,1,1
TPXOTXMF,1,1,1,1
RMABXLDZ,1,1,1,1
XROYXKYA,1,1,1,1
MCKDRFAE,1,1,1,1
NCFCCMBE,1,1,1,1
POPPDUVK,1,1,1,1
MTZNJXON,1,1,1,1
JSCUODIN,1,1,1,1
WLJTVTJB,1,1,1,1
TOBNVWVB,1,1,1,1
HYMNWHLE,1,1,1,1
YCINALUM,1,1,1,1
CHAONPVQ,1,1,1,1
BSRSWETU,1,1,1,1
EPHCYVIP,1,1,1,1
SXWCMTUW,1,1,1,1
ATLKUICE,1,1,1,1
PFFRCWFA,1,1,1,1
ZUIIMGTS,1,1,1,1
SAPKXPUX,1,1,1,1
KNPHZXSO,1,1,1,1
QDTEULIP,1,1,1,1
MQEYSZUT,1,1,1,1
PRZIVEXW,1,1,1,1
VDHMRQLQ,1,1,1,1
JXOIYAQX,1,1,1,1
GDVYJJJW,1,1,1,1
RZAWIIGT,1,1,1,1
WMXTHNRD,1,1,1,1
TGKMNMLH,1,1,1,1
VYLFWOGR,1,1,1,1
WVUGHGPP,1,1,1,1
OPKUZDYO,1,1,1,1
HJAUUJEA,1,1,1,1
IUUPGKUS,1,1,1,1
EXFBKBNW,1,1,1,1
AUBSMDNG,1,1,1,1
ZJEWESHQ,1,1,1,1
JWYXRLIC,1,1,1,1
QZKVBXTR,1,1,1,1
CFJDALCC,1,1,1,1
GJZPZIUV,1,1,1,1
VQOVBLFX,1,1,1,1
FJTAFUVZ,1,1,1,1
BECATELD,1,1,1,1
WHXCVFVA,1,1,1,1
JQRVWAAY,1,1,1,1
ZCXHBCMW,1,1,1,1
MKBLWVZB,1,1,1,1
YHAPQLNW,1,1,1,1
OMOHUDSW,1,1,1,1
FJUNSGDG,1,1,1,1
BOONKAEJ,1,1,1,1
YLPOUGIO,1,1,1,1
QROFPQRD,1,1,1,1
MVHTRPUZ,1,1,1,1
LSKMRJYO,1,1,1,1
LDKWLZEC,1,1,1,1
SNQJOYIW,1,1,1,1
DGGVMJLH,1,1,1,1
UXNWLMYZ,1,1,1,1
EKRJCCZN,1,1,1,1
EUJXYQQW,1,1,1,1
TXWOSJON,1,1,1,1
YLLXTDMX,1,1,1,1
MAQFFQPI,1,1,1,1
VHTLFYIX,1,1,1,1
GYJLDIWE,1,1,1,1
WKVNYLUA,1,1,1,1
VLSRNPFI,1,1,1,1
RZEKRSET,1,1,1,1
VGJPTHIS,1,1,1,1
JMIXXZSY,1,1,1,1
SLSZUCFG,1,1,1,1
FWKQFJWK,1,1,1,1
VDPWZDVW,1,1,1,1
GLJMWAUU,1,1,1,1
NKOQDZAX,1,1,1,1
UHOUQUYR,1,1,1,1
NPNIDFTP,1,1,1,1
AYTYHRSJ,1,1,1,1
WFVUCRFX,1,1,1,1
YRERIXBF,1,1,1,1
UDZRUBLJ,1,1,1,1
ISEMPOIP,1,1,1,1
NHBJBNAX,1,1,1,1
QFIHPZTF,1,1,1,1
GTYXFDHO,1,1,1,1
YIKQYOHO,1,1,1,1
TDKBLOHX,1,1,1,1
MEOJUNMP,1,1,1,1
LDMNQMGS,1,1,1,1
HXBBSLFN,1,1,1,1
XBCHHBPT,1,1,1,1
UCWABZUB,1,1,1,1
YZHYLECI,1,1,1,1
SQZVEJQH,1,1,1,1
XZKNWBGE,1,1,1,1
XFFCSRHM,1,1,1,1
MRKALKMF,1,1,1,1
LPFLUQNO,1,1,1,1
VYUWRMND,1,1,1,1
BREAUDOD,1,1,1,1
EZOCOEMA,1,1,1,1
LNSCZLEM,1,1,1,1
SEIJFGRC,1,1,1,1
JYOOPFIX,1,1,1,1
GKWECGMJ,1,1,1,1
XGLTLOQT,1,1,1,1
DKSYWXQU,1,1,1,1
JRMBEMIK,1,1,1,1
SWYDWOJK,1,1,1,1
VCATOKYB,1,1,1,1
SGKAWAZP,1,1,1,1
ACHPEVAA,1,1,1,1
SXNCZKNH,1,1,1,1
FFLCMQJB,1,1,1,1
SDUBUGZL,1,1,1,1
PXLIKRTJ,1,1,1,1
ZOGOXUBI,1,1,1,1
ZPOHDIWF,1,1,1,1
XXUCNRZE,1,1,1,1
HLZYLECK,1,1,1,1
FVAXQJPM,1,1,1,1
NNFQSHMO,1,1,1,1
HRIPEJZJ,1,1,1,1
YKRUMGNO,1,1,1,1
TXYNXLIV,1,1,1,1
JPBHFVVM,1,1,1,1
IYCAAYWT,1,1,1,1
BKYWPVFR,1,1,1,1
MGHIYJDD,1,1,1,1
EDXBVRAV,1,1,1,1
VJNMHEUV,1,1,1,1
ITJEDSDP,1,1,1,1
VLJZAQZG,1,1,1,1
DSVRWPOH,1,1,1,1
NCRXNZDC,1,1,1,1
JZZHRMTS,1,1,1,1
GLRMHQLD,1,1,1,1
KPJZEPWF,1,1,1,1
TENBUUUB,1,1,1,1
FUVTJVTX,1,1,1,1
XVDTCAJW,1,1,1,1
VYUCYOLR,1,1,1,1
VLCBZUDQ,1,1,1,1
RYFCAPFA,1,1,1,1
JULFUFJA,1,1,1,1
TFHEUQDI,1,1,1,1
OYDWQEKK,1,1,1,1
AETDQNAQ,1,1,1,1
JKQLCZUW,1,1,1,1
RUAVMXIR,1,1,1,1
PHPITSMT,1,1,1,1
UYDPQTCL,1,1,1,1
UNTIOECQ,1,1,1,1
TLNVZHOE,1,1,1,1
OHCUZYHY,1,1,1,1
JUFSUJFO,1,1,1,1
EXJZBIUO,1,1,1,1
XHPLOYHH,1,1,1,1
VYHPUAPR,1,1,1,1
VOXTQJHM,1,1,1,1
MUQUHYFK,1,1,1,1
DTSXKAMT,1,1,1,1
UCRYZQYP,1,1,1,1
EJNYJAVZ,1,1,1,1
KHLDDIEY,1,1,1,1
ANUPHJVW,1,1,1,1
JVBUOSXT,1,1,1,1
XJJNVYWD,1,1,1,1
CMRNDXIQ,1,1,1,1
TDGCAGRR,1,1,1,1
FAJCRFDH,1,1,1,1
QNTNQMDI,1,1,1,1
AAESSTIG,1,1,1,1
SEVZSGSF,1,1,1,1
VNAJFFEX,1,1,1,1
YISMWAPF,1,1,1,1
NRRTYCNY,1,1,1,1
IESGKMOF,1,1,1,1
MKWNDHUB,1,1,1,1
VCTXMVRM,1,1,1,1
VYKHTCAZ,1,1,1,1
HKFEOHVY,1,1,1,1
AZLKDNYD,1,1,1,1
VZZZVBNH,1,1,1,1
NOVAJCTD,1,1,1,1
QMAKZOVT,1,1,1,1
YMMNEJPH,1,1,1,1
PYTWAZHS,1,1,1,1
KOYWCMJS,1,1,1,1
KCWRCUQQ,1,1,1,1
EGXGDSRW,1,1,1,1
LWMBJSMC,1,1,1,1
FIFTYBAZ,1,1,1,1
WSGYVJIX,1,1,1,1
UFADHHPZ,1,1,1,1
JMBJVIPA,1,1,1,1
IQJKVGJQ,1,1,1,1
LTMXHXGN,1,1,1,1
NBYXJSGE,1,1,1,1
QVHAFIAU,1,1,1,1
LMTWOIDC,1,1,1,1
OOMOBIMG,1,1,1,1
FGRANLKY,1,1,1,1
ILJVFSXW,1,1,1,1
HRDDWTQW,1,1,1,1
MPJMBNCD,1,1,1,1
TKTYNCEN,1,1,1,1
DODOBQUN,1,1,1,1
VWHXLVMN,1,1,1,1
EYOENJLC,1,1,1,1
KWZPOFEG,1,1,1,1
NEIJMARD,1,1,1,1
XHJWEANW,1,1,1,1
TTYJCCAU,1,1,1,1
CVCAPUSV,1,1,1,1
CDGXHJGL,1,1,1,1
HCBTJKQI,1,1,1,1
GKYTARBR,1,1,1,1
AZUSILAR,1,1,1,1
ZOKNRKDC,1,1,1,1
UFNTETFP,1,1,1,1
NWNDLXFK,1,1,1,1
GSZONNRB,1,1,1,1
TVASSXFH,1,1,1,1
TDOSHVRI,1,1,1,1
TZITNRGA,1,1,1,1
VSTNSVJG,1,1,1,1
ZIULPEDI,1,1,1,1
DPDBBJMC,1,1,1,1
XCJLCGLC,1,1,1,1
UPZVTTGF,1,1,1,1
NMUOWOKZ,1,1,1,1
QHGJRIRF,1,1,1,1
BVACVUZA,1,1,1,1
PNMATKXP,1,1,1,1
NPDBKSWG,1,1,1,1
PCLQXYTZ,1,1,1,1
IHGAHADB,1,1,1,1
KEHTVREZ,1,1,1,1
NXHFMKYF,1,1,1,1
SJCBQREP,1,1,1,1
REMWUNRQ,1,1,1,1
FDVASUMX,1,1,1,1
JBHUJPXD,1,1,1,1
NYLNBARB,1,1,1,1
BAVBJARN,1,1,1,1
OFTRVTQN,1,1,1,1
DMVJEESG,1,1,1,1
UPFTXLOS,1,1,1,1
QVRZRUFD,1,1,1,1
QBGFSNPP,1,1,1,1
ZQUVHOSI,1,1,1,1
CQLHPBQS,1,1,1,1
GNYWZADS,1,1,1,1
DSZVTIPR,1,1,1,1
VXXKNZCY,1,1,1,1
LWXHJNFU,1,1,1,1
YSKYFDOT,1,1,1,1
PRPEDVHY,1,1,1,1
DABLRRRJ,1,1,1,1
NIYZNTGN,1,1,1,1
WRMUHZXM,1,1,1,1
TORGJZHB,1,1,1,1
XMRBFWBG,1,1,1,1
UWSXBNRA,1,1,1,1
IIBLHXFD,1,1,1,1
GTLLUEKA,1,1,1,1
FNDDFMWN,1,1,1,1
WXDXFRKC,1,1,1,1
FKBINRQB,1,1,1,1
XDPTCPFD,1,1,1,1
ZLKNMZBA,1,1,1,1
YJTVRDSV,1,1,1,1
TQMGZGPN,1,1,1,1
JDICYUJN,1,1,1,1
EXNXFHOB,1,1,1,1
RCDWJTAO,1,1,1,1
SXUZITMN,1,1,1,1
FEASUDNL,1,1,1,1
RBIOGHAW,1,1,1,1
KKLMZYTY,1,1,1,1
ZEBHDFSH,1,1,1,1
JNTVEYUQ,1,1,1,1
ZKVFIMPZ,1,1,1,1
OEFUPKAN,1,1,1,1
ZWZGGXHR,1,1,1,1
XMYBXBWF,1,1,1,1
EPWIRBRJ,1,1,1,1
ZAZOMCPD,1,1,1,1
REJVIAFA,1,1,1,1
DLKIHGNM,1,1,1,1
IIMTGQST,1,1,1,1
CLJHCXUK,1,1,1,1
QPBSFNSW,1,1,1,1
AGTVJSMV,1,1,1,1
HVVSNBYS,1,1,1,1
CGBCSSWH,1,1,1,1
UNRYOPGM,1,1,1,1
RMZVQURE,1,1,1,1
ULMCWJMT,1,1,1,1
ECJWPFPS,1,1,1,1
ZNAVKASK,1,1,1,1
ETPYATSG,1,1,1,1
GZCEAJXQ,1,1,1,1
UETTZVNN,1,1,1,1
VGWUQXHH,1,1,1,1
GARDHSDG,1,1,1,1
IXFCSCAR,1,1,1,1
SZXAPVUZ,1,1,1,1
SWSWNCBQ,1,1,1,1
UBFTXPDI,1,1,1,1
DSVJMHVE,1,1,1,1
ZIVPLRXP,1,1,1,1
UTZWLOYC,1,1,1,1
CZSKWPWX,1,1,1,1
HVUBDYGL,1,1,1,1
NLBVZABR,1,1,1,1
FZHUAPBM,1,1,1,1
DNLLNWJD,1,1,1,1
JRSUYOXN,1,1,1,1
YGEDAHCE,1,1,1,1
WOSCJMVG,1,1,1,1
YSJTSVZT,1,1,1,1
OPELBHPK,1,1,1,1
GAASCUCU,1,1,1,1
MVBAMZZP,1,1,1,1
ALFYBCYG,1,1,1,1
VAELJTGE,1,1,1,1
LTHDBNZB,1,1,1,1
BVBZFEMN,1,1,1,1
SRUVCPKK,1,1,1,1
NMDSCFHS,1,1,1,1
UGIWAYIJ,1,1,1,1
XDNJMMAT,1,1,1,1
IZTCHAWL,1,1,1,1
JVZYNBEL,1,1,1,1
ZFSOOOTA,1,1,1,1
DMKHJQJW,1,1,1,1
JJUWSDAY,1,1,1,1
VNLLEJCO,1,1,1,1
FTHMJPPH,1,1,1,1
BFJIKSFB,1,1,1,1
ZCJYGCCP,1,1,1,1
VZQOQRJY,1,1,1,1
LEVYYEZG,1,1,1,1
QJIQNBIZ,1,1,1,1
NCOYZVSF,1,1,1,1
LKHMZOIB,1,1,1,1
YKBIYZSH,1,1,1,1
FBJXGVQN,1,1,1,1
OVQLEZNI,1,1,1,1
HLNBQGQZ,1,1,1,1
GSJIQZQG,1,1,1,1
ENHYNBMJ,1,1,1,1
UTFOKENR,1,1,1,1
CRAFWZCM,1,1,1,1
GPIXVUGF,1,1,1,1
UYBJSXIU,1,1,1,1
UMXVNCKB,1,1,1,1
THXUYXZY,1,1,1,1
XEAQRSHP,1,1,1,1
JPKDNMRH,1,1,1,1
OXOSEDMH,1,1,1,1
IZOBZLWH,1,1,1,1
ESZYXHXP,1,1,1,1
QSFSWEDS,1,1,1,1
ZIQLVINS,1,1,1,1
AIWFQDGZ,1,1,1,1
KQPFRCEY,1,1,1,1
TYMNTTGV,1,1,1,1
VLEUPVFU,1,1,1,1
IGGCPTRG,1,1,1,1
FMNGEKPR,1,1,1,1
LECBLXSD,1,1,1,1
NZTOGWLD,1,1,1,1
DYZXEVJT,1,1,1,1
RNHNQVOK,1,1,1,1
EZTENKOB,1,1,1,1
FVUOFRFN,1,1,1,1
JIDPKIHJ,1,1,1,1
BXYLBEAD,1,1,1,1
VJFPBOUK,1,1,1,1
YQUBVNJM,1,1,1,1
AAXARFXT,1,1,1,1
WAZINOXZ,1,1,1,1
HNOETLSG,1,1,1,1
NQYHTONK,1,1,1,1
RFAYYVVZ,1,1,1,1
PSTZXBLS,1,1,1,1
GZVFWXEB,1,1,1,1
KNIEITSY,1,1,1,1
LRYMHHEA,1,1,1,1
JVZZGNYV,1,1,1,1
QUVOFEHZ,1,1,1,1
DGBARHJU,1,1,1,1
UGKDWFAN,1,1,1,1
BGCQPFDN,1,1,1,1
MXNKNNZK,1,1,1,1
RRVFDTAY,1,1,1,1
UHKOHDJP,1,1,1,1
QTTYRPJQ,1,1,1,1
BVBOBPOW,1,1,1,1
EDMSDPOC,1,1,1,1
XAKHEJUV,1,1,1,1
SFNGHWES,1,1,1,1
JYQPFDFC,1,1,1,1
OCSHDTVR,1,1,1,1
CMNOUZOH,1,1,1,1
MBOGRGRI,1,1,1,1
JIWWGLNP,1,1,1,1
FXWLAOJJ,1,1,1,1
SWJKYUEA,1,1,1,1
MHTQUEOF,1,1,1,1
MRXZKIGG,1,1,1,1
YHUPAUWC,1,1,1,1
SDNHBJJU,1,1,1,1
TZMXBRKJ,1,1,1,1
XRSJIQYV,1,1,1,1
WARFTLJE,1,1,1,1
JIWHVPVP,1,1,1,1
TAAZSVNX,1,1,1,1
DFWGCOMD,1,1,1,1
CWHNGMBO,1,1,1,1
EBCOZLTC,1,1,1,1
LNSGTUAM,1,1,1,1
CKBJSVQE,1,1,1,1
DYHRWQQU,1,1,1,1
SNYBJWST,1,1,1,1
LIJDBJKM,1,1,1,1
RFLRXTNQ,1,1,1,1
CHTAIQDS,1,1,1,1
LJGAWQFR,1,1,1,1
GQAWXKVH,1,1,1,1
SEZAQMBK,1,1,1,1
YPEJVIVT,1,1,1,1
MATYVSGP,1,1,1,1
GRSUUGPX,1,1,1,1
BNPYUYQV,1,1,1,1
LXRAMJVV,1,1,1,1
HHOZTAPH,1,1,1,1
QNFKNIDX,1,1,1,1
ABFXPFRN,1,1,1,1
ZQKFHIGB,1,1,1,1
GKJSNYKU,1,1,1,1
VZIIOWXO,1,1,1,1
QKZPTVAP,1,1,1,1
MACSMROK,1,1,1,1
UHPCZHOP,1,1,1,1
YHFMEOIK,1,1,1,1
SSHTJSVX,1,1,1,1
FZCVXAFO,1,1,1,1
CQWTEHXU,1,1,1,1
PEYZMYPX,1,1,1,1
PBOIIATT,1,1,1,1
VBRTOCYZ,1,1,1,1
UJOLWSNY,1,1,1,1
BNEJQHWD,1,1,1,1
LRRFVAQP,1,1,1,1
DSYJFQKY,1,1,1,1
SBIZVVCS,1,1,1,1
VRBELADX,1,1,1,1
UNWWTWIL,1,1,1,1
ASUQASJX,1,1,1,1
MTUMALBY,1,1,1,1
PUGWBJDI,1,1,1,1
JYNTHUTB,1,1,1,1
ANUJIAOD,1,1,1,1
AKYZJUDP,1,1,1,1
CURLSTEX,1,1,1,1
WPBEDWWE,1,1,1,1
YHNPXWNM,1,1,1,1
SDJLMEEE,1,1,1,1
CAYRXEKF,1,1,1,1
MGZBIZTJ,1,1,1,1
JDGXFBFX,1,1,1,1
JPXWZKRR,1,1,1,1
SVFKJKSL,1,1,1,1
KZHIGABP,1,1,1,1
UEPMYZYS,1,1,1,1
DNQONYGM,1,1,1,1
MIWXSVKF,1,1,1,1
COVWXRVF,1,1,1,1
QQTFFCGT,1,1,1,1
HMYEFLFQ,1,1,1,1
AHNBLIVZ,1,1,1,1
VKKFBHCY,1,1,1,1
MHTTYOIE,1,1,1,1
DMASNHBO,1,1,1,1
VGSDEBBJ,1,1,1,1
UGOWGALO,1,1,1,1
PSELSZRE,1,1,1,1
DSRBVFSM,1,1,1,1
HCYGBOII,1,1,1,1
LQQQZYQJ,1,1,1,1
MKMPBEIP,1,1,1,1
MOMKRYHT,1,1,1,1
UGIVILJA,1,1,1,1
DOSGLWCI,1,1,1,1
ZSCLZWDI,1,1,1,1
UADAKSKK,1,1,1,1
VXEYQEAM,1,1,1,1
CAMWKUWI,1,1,1,1
FKXACTTK,1,1,1,1
NOPOYDVZ,1,1,1,1
CTJFMHFA,1,1,1,1
SNVLEDON,1,1,1,1
SRYJVBQQ,1,1,1,1
CBXTDLKP,1,1,1,1
BRLVIMSR,1,1,1,1
LJZQXFXF,1,1,1,1
ZDOMZTPP,1,1,1,1
ZSAQPFFJ,1,1,1,1
ZZELJLIN,1,1,1,1
KIRBSETJ,1,1,1,1
OBPEOZFL,1,1,1,1
IIBFFYNU,1,1,1,1
IFIWBOPN,1,1,1,1
BJDFKAWX,1,1,1,1
SYRYHHBN,1,1,1,1
LRPPADUK,1,1,1,1
GZOGYWUZ,1,1,1,1
WPHTANXZ,1,1,1,1
JZOWYFJO,1,1,1,1
SCPSQCTL,1,1,1,1
DKGLMREP,1,1,1,1
OSGGTBAC,1,1,1,1
NRGHBPNH,1,1,1,1
YDPHPBBB,1,1,1,1
ZDGHFFFQ,1,1,1,1
CWJQWETW,1,1,1,1
AYDFOJSS,1,1,1,1
ATIUCHYJ,1,1,1,1
URHWSXDR,1,1,1,1
NJGCKVAT,1,1,1,1
PBYCZBDJ,1,1,1,1
WJUHKONN,1,1,1,1
MKLOXHLX,1,1,1,1
CSKQCXQX,1,1,1,1
RIVKNLYG,1,1,1,1
DPDUJFHS,1,1,1,1
HRPNELUL,1,1,1,1
JHCNFYYK,1,1,1,1
IXLTXSYB,1,1,1,1
CHXJQIHD,1,1,1,1
OJOOCZMM,1,1,1,1
EIOGVGIP,1,1,1,1
OTEDAVPB,1,1,1,1
JHUZMZNE,1,1,1,1
DNZGCBUQ,1,1,1,1
WJBUCTVV,1,1,1,1
CZBMBNXT,1,1,1,1
HTUFLYBR,1,1,1,1
ROTMQILX,1,1,1,1
EUPZNBFM,1,1,1,1
JPLHXRPJ,1,1,1,1
GUJXTGZQ,1,1,1,1
ZDJYICJS,1,1,1,1
MPMYFLWG,1,1,1,1
TKNRRTER,1,1,1,1
VBYYOUDG,1,1,1,1
QKFQDFHK,1,1,1,1
ZDCXVECF,1,1,1,1
JTRINHFB,1,1,1,1
HBEOFSHM,1,1,1,1
GZUHNHFY,1,1,1,1
JZNKZHWW,1,1,1,1
ACPKGTDO,1,1,1,1
KPLCRSVG,1,1,1,1
TCYIVXEI,1,1,1,1
EUPOFVBT,1,1,1,1
UGNWVGKQ,1,1,1,1
PGJJUGSE,1,1,1,1
LWRTFFHW,1,1,1,1
QGISVJWG,1,1,1,1
YIEOZEVH,1,1,1,1
SJMLYNEX,1,1,1,1
NBCOCEGP,1,1,1,1
WFJXUURQ,1,1,1,1
RKAQMAYH,1,1,1,1
EURDCBKI,1,1,1,1
OYRPZJRM,1,1,1,1
TEISYQQT,1,1,1,1
MKUOOVGK,1,1,1,1
MUHKBAZQ,1,1,1,1
KVBGGFTR,1,1,1,1
NKTGIPCL,1,1,1,1
PGDQOICI,1,1,1,1
GZMTMWEA,1,1,1,1
PFLIHOSE,1,1,1,1
BRSYIOPA,1,1,1,1
JJGFIOTG,1,1,1,1
OVLMBMUV,1,1,1,1
SLQWSGDN,1,1,1,1
BOSYVKCT,1,1,1,1
DAZJOWNN,1,1,1,1
QCQUMGZO,1,1,1,1
GZRPJXJG,1,1,1,1
BESUORUJ,1,1,1,1
JCMHPGBC,1,1,1,1
XUCLZYBB,1,1,1,1
WWYNXSBU,1,1,1,1
XDEBMXSS,1,1,1,1
YSJKCFMR,1,1,1,1
PAYONKEX,1,1,1,1
VHBPGIBJ,1,1,1,1
BKPYYRAC,1,1,1,1
IAEFWQOY,1,1,1,1
AFWLAAHK,1,1,1,1
ZJSEKCTW,1,1,1,1
QGBLXEJO,1,1,1,1
VHGNPLEG,1,1,1,1
TFEHBGGX,1,1,1,1
QZVSQCSY,1,1,1,1
UHANVACQ,1,1,1,1
PRIJNOPT,1,1,1,1
HHAKAUCI,1,1,1,1
BMHRVSDM,1,1,1,1
QFENYORX,1,1,1,1
JOKCDXPW,1,1,1,1
PWIYQVHW,1,1,1,1
RUJROTGE,1,1,1,1
XTNOBBQP,1,1,1,1
VGQNBCJD,1,1,1,1
DYVYYHFF,1,1,1,1
DFBJKKDE,1,1,1,1
MBHGFGIS,1,1,1,1
VEEKIHTM,1,1,1,1
WXIVKEGT,1,1,1,1
CNCWCADP,1,1,1,1
LUVNPRDA,1,1,1,1
ITZKOHBA,1,1,1,1
RBLYLNWQ,1,1,1,1
EZNHERSK,1,1,1,1
QGMRHOIJ,1,1,1,1
XEEZCYGU,1,1,1,1
WIBPSYKI,1,1,1,1
NHURBUXV,1,1,1,1
UCICUMXV,1,1,1,1
RKRZVAYQ,1,1,1,1
UQXOVFEB,1,1,1,1
ERRULBRZ,1,1,1,1
ZVURFMNW,1,1,1,1
BIGBEDIB,1,1,1,1
GEONSLEY,1,1,1,1
EAWGWEHU,1,1,1,1
KFZALJTR,1,1,1,1
KDZWKSMZ,1,1,1,1
AWQUAVSR,1,1,1,1
YIPALCHE,1,1,1,1
NZYMDFQC,1,1,1,1
XZDHMEEM,1,1,1,1
CNBJAWCE,1,1,1,1
NTZRDSTM,1,1,1,1
RRZYDNXT,1,1,1,1
LLACBLWR,1,1,1,1
ZKRLRRWH,1,1,1,1
EFNTLWLG,1,1,1,1
RRVXRNAI,1,1,1,1
QGOJZYLO,1,1,1,1
CTKXCXCQ,1,1,1,1
GJSMERRO,1,1,1,1
JIZBLPEB,1,1,1,1
WDMJFJBV,1,1,1,1
RDITTURE,1,1,1,1
KHLBOXQJ,1,1,1,1
IPCOAZEC,1,1,1,1
FVYGLYZT,1,1,1,1
GPAQMPHS,1,1,1,1
TDFUBIKW,1,1,1,1
DDARUXZZ,1,1,1,1
OOFXEPNU,1,1,1,1
OGTPJJYE,1,1,1,1
EWQLYQGW,1,1,1,1
RSMELLNO,1,1,1,1
SUWXAVKV,1,1,1,1
RVFRATPV,1,1,1,1
NUETTAVT,1,1,1,1
ITYEKGZX,1,1,1,1
AINJEKFR,1,1,1,1
RQFGGGYG,1,1,1,1
MPYHKSMJ,1,1,1,1
QTOTOKPW,1,1,1,1
ZFXKTEPM,1,1,1,1
TUXAOLFL,1,1,1,1
GDKLVMJK,1,1,1,1
DBDYYNVR,1,1,1,1
WAEKMIDJ,1,1,1,1
ZCMNPTLK,1,1,1,1
LHHCJYIX,1,1,1,1
HAJEGNQO,1,1,1,1
NQBUDBDB,1,1,1,1
OBBBSJXA,1,1,1,1
FZWFIPJR,1,1,1,1
EJJJAKEA,1,1,1,1
QOGXGZBJ,1,1,1,1
SJCJVHZF,1,1,1,1
HCORLPVY,1,1,1,1
TCABNTKP,1,1,1,1
BZRKLJZJ,1,1,1,1
SZBXMKLM,1,1,1,1
ZBUYERNQ,1,1,1,1
DHGWGYDN,1,1,1,1
JZKVXGHZ,1,1,1,1
FUEDSUBN,1,1,1,1
FHWJLFSH,1,1,1,1
EWVXAVJL,1,1,1,1
GEWMOZSA,1,1,1,1
DENVGAFW,1,1,1,1
GRPJTKEF,1,1,1,1
XYYOZLEV,1,1,1,1
NXRLJPMX,1,1,1,1
VWFLJJSP,1,1,1,1
XUOTMSUX,1,1,1,1
KFPWFDLP,1,1,1,1
EDNDYDKP,1,1,1,1
MWYUIBFS,1,1,1,1
TDJFFMXJ,1,1,1,1
PWPNJHAP,1,1,1,1
CPHUZIHR,1,1,1,1
ISCVJWUH,1,1,1,1
QWGNIYGB,1,1,1,1
IOOGHZVV,1,1,1,1
WRSNOKXS,1,1,1,1
AAPIFLLP,1,1,1,1
DFWCRIEF,1,1,1,1
RFWCAKHB,1,1,1,1
SLJWIEQU,1,1,1,1
XMVISEXJ,1,1,1,1
MVQRUYRF,1,1,1,1
FWPVLVRH,1,1,1,1
LAGWZTOP,1,1,1,1
ETJKKAJS,1,1,1,1
RAFZCFXN,1,1,1,1
VFRCSGDC,1,1,1,1
DMVUJZUX,1,1,1,1
GABYJYDA,1,1,1,1
XRVCAHXR,1,1,1,1
PBUMJREV,1,1,1,1
NMCBFOQY,1,1,1,1
VWQCSJHL,1,1,1,1
JUAGYKKV,1,1,1,1
PDEYETOH,1,1,1,1
TZPGZYPT,1,1,1,1
XCGLJUAR,1,1,1,1
WJBUGEET,1,1,1,1
VZOFFEJK,1,1,1,1
YTHQKNYV,1,1,1,1
LZNFTUMF,1,1,1,1
IAYBNCUI,1,1,1,1
GLPSVCUO,1,1,1,1
MIYTTPPG,1,1,1,1
OYFYNDDE,1,1,1,1
IZLXWAIK,1,1,1,1
UFEXFJCK,1,1,1,1
WTHJXUSH,1,1,1,1
PMQZNPRM,1,1,1,1
SAQIPBRR,1,1,1,1
LOKTOUPT,1,1,1,1
EIUWZNKJ,1,1,1,1
PNCKVISL,1,1,1,1
JYUNRNBQ,1,1,1,1
ULOGBBEJ,1,1,1,1
VTLURNWU,1,1,1,1
XIGGTUZW,1,1,1,1
YHXDRATP,1,1,1,1
PWOLNBEZ,1,1,1,1
BQDRYBHL,1,1,1,1
GWZUBCNB,1,1,1,1
FSPZCAEP,1,1,1,1
UJGBEVFT,1,1,1,1
VSAQVPOY,1,1,1,1
GDDAHPVA,1,1,1,1
YFCZWQNP,1,1,1,1
CZOLAENV,1,1,1,1
VRYIOEKX,1,1,1,1
NDLBGLKS,1,1,1,1
FWRYQOJW,1,1,1,1
QEJOXKDD,1,1,1,1
NTSHBXWP,1,1,1,1
OXYVARPM,1,1,1,1
PXHOMORD,1,1,1,1
WQRTPLIE,1,1,1,1
AEWKFODO,1,1,1,1
VFUOPOHP,1,1,1,1
BFRSMVVN,1,1,1,1
FGSVGGSC,1,1,1,1
KGJKYARS,1,1,1,1
HMYJUGXC,1,1,1,1
BFLYARJE,1,1,1,1
CCZZNCGN,1,1,1,1
VPDGTPJL,1,1,1,1
WCHWKJRX,1,1,1,1
HPWNTOPT,1,1,1,1
YSUOASIZ,1,1,1,1
QYYKAZAU,1,1,1,1
KEAJTWWK,1,1,1,1
THXTGGBE,1,1,1,1
KJCAHARS,1,1,1,1
LHCLUUFM,1,1,1,1
QTAJVMPY,1,1,1,1
OIVFUGNL,1,1,1,1
VAWNQEJJ,1,1,1,1
JULVBKWZ,1,1,1,1
UEONHUOW,1,1,1,1
GRCOQRJB,1,1,1,1
KDBAIRZA,1,1,1,1
FRQVDJEI,1,1,1,1
NLLHVZKR,1,1,1,1
CJPDCHET,1,1,1,1
JARNCWMM,1,1,1,1
THDFFGMP,1,1,1,1
VVOYIXRY,1,1,1,1
BQKAMLAT,1,1,1,1
MUZAJCRX,1,1,1,1
PINLNXYN,1,1,1,1
EZWFGSOT,1,1,1,1
QISHEWUQ,1,1,1,1
GWFHXEUE,1,1,1,1
CMUZPZVC,1,1,1,1
GKKIBSNZ,1,1,1,1
YRJXTDEA,1,1,1,1
AAQABGIC,1,1,1,1
NINCNQUR,1,1,1,1
HGJEAWPC,1,1,1,1
BOGFMMSF,1,1,1,1
NQSLLDRX,1,1,1,1
GMJKXLPF,1,1,1,1
XNTVCWHZ,1,1,1,1
FDNCXGOV,1,1,1,1
RFQXAFAG,1,1,1,1
GIOVGLEH,1,1,1,1
NLALVWLC,1,1,1,1
LIAUUDAD,1,1,1,1
SMHCBREW,1,1,1,1
WWTRSXNE,1,1,1,1
PZRBVSZG,1,1,1,1
KRBGFRUF,1,1,1,1
UZWGKOYX,1,1,1,1
ZQYPMRVK,1,1,1,1
YDPJKIEE,1,1,1,1
BCPFOLYB,1,1,1,1
PSWYYFND,1,1,1,1
GCDIBKCF,1,1,1,1
KRHPIPBQ,1,1,1,1
MEPTWSLQ,1,1,1,1
WXVCPJKC,1,1,1,1
XPTKXBRL,1,1,1,1
QWIDRTKW,1,1,1,1
DEQTSZOB,1,1,1,1
FUWSCVQO,1,1,1,1
XIQGCDGI,1,1,1,1
GUPFEZBI,1,1,1,1
TAMKAYUK,1,1,1,1
BXYBLNPY,1,1,1,1
HROCDCKN,1,1,1,1
HLIVXBBV,1,1,1,1
OEMNXWEB,1,1,1,1
JAHJJLHR,1,1,1,1
AZEKDNDV,1,1,1,1
JYMCAEQU,1,1,1,1
FJSNMMYP,1,1,1,1
OIWZTNYT,1,1,1,1
KRCMOTSE,1,1,1,1
ZNKNXAQA,1,1,1,1
JGFPIDGJ,1,1,1,1
OSSBUZWT,1,1,1,1
TLBBQYOP,1,1,1,1
GRTHUHLR,1,1,1,1
QJWJZNFO,1,1,1,1
NFYUIMUO,1,1,1,1
LESNTAXC,1,1,1,1
FXALDEYD,1,1,1,1
EWKQQIRE,1,1,1,1
LLEGWNJE,1,1,1,1
EIJHGXKH,1,1,1,1
QHGAUFOY,1,1,1,1
XFPLIGNQ,1,1,1,1
PVZCNKYB,1,1,1,1
ORCKDIPN,1,1,1,1
VWKFNFKT,1,1,1,1
VVUJZNCY,1,1,1,1
XMYKLGTP,1,1,1,1
JGQPPGDY,1,1,1,1
UTIUJCHS,1,1,1,1
SEVDFMHY,1,1,1,1
TFLMQXIF,1,1,1,1
SZYFPELC,1,1,1,1
BKCBQNUF,1,1,1,1
RKPLFAWA,1,1,1,1
DRTAJNJH,1,1,1,1
RJZHIXAC,1,1,1,1
VZVIJCUG,1,1,1,1
ISCGDZDJ,1,1,1,1
UFBINFHR,1,1,1,1
XPGSARRO,1,1,1,1
TKLIQQVU,1,1,1,1
KPFIOSOC,1,1,1,1
FDGEJNZM,1,1,1,1
JQXFAIBV,1,1,1,1
VDDYWBWJ,1,1,1,1
RGHFALTY,1,1,1,1
VPYWKGPR,1,1,1,1
MGUIQHPM,1,1,1,1
ILPUNJEC,1,1,1,1
AVURVDVZ,1,1,1,1
NIVCPMJE,1,1,1,1
BGUFRHCP,1,1,1,1
WMAPMSEN,1,1,1,1
FNDLBPLV,1,1,1,1
ZZDRNWMK,1,1,1,1
HJZVRHTQ,1,1,1,1
IXVWBFQX,1,1,1,1
OCYFFIQU,1,1,1,1
TDXJRKEL,1,1,1,1
XWHXBNCL,1,1,1,1
ADMRIPIP,1,1,1,1
JHGNSXAD,1,1,1,1
RYWIHAHP,1,1,1,1
FEGLEJYT,1,1,1,1
LEHJPPJL,1,1,1,1
JFPJSVMD,1,1,1,1
OSJAZGCX,1,1,1,1
XEZNDBZW,1,1,1,1
UIBJZZKW,1,1,1,1
QMNJOIBP,1,1,1,1
FMWMBHBN,1,1,1,1
OTSGLBPT,1,1,1,1
OHLQQIUP,1,1,1,1
IYYIWMVV,1,1,1,1
OZJZXYOG,1,1,1,1
BDPQTNAZ,1,1,1,1
YKUHLZOH,1,1,1,1
VOIPHGVA,1,1,1,1
MGJJTXIV,1,1,1,1
NSOPRMPI,1,1,1,1
BQRUUDVM,1,1,1,1
GBQJJRKH,1,1,1,1
DITUPAWR,1,1,1,1
NQEWRTED,1,1,1,1
ATREPJIR,1,1,1,1
OEYCKICU,1,1,1,1
MOAZKOGO,1,1,1,1
BIDGSRKK,1,1,1,1
YGVFEAWD,1,1,1,1
CWVHLJYR,1,1,1,1
ETCCRLOJ,1,1,1,1
VWTNKIMA,1,1,1,1
ZMELLXDU,1,1,1,1
JXWAVDSQ,1,1,1,1
LVZMGUSS,1,1,1,1
GBXMSUGU,1,1,1,1
HEMKSDLI,1,1,1,1
PUOALTMB,1,1,1,1
EDPQBSTW,1,1,1,1
JAHOLCAU,1,1,1,1
GIOSHVBJ,1,1,1,1
KEKLQCZC,1,1,1,1
HZLOUSLJ,1,1,1,1
EVQTPCVZ,1,1,1,1
EMLSWWXL,1,1,1,1
GHQHPXYG,1,1,1,1
IPWSZDIA,1,1,1,1
ACRTNIUX,1,1,1,1
UJLAFRCH,1,1,1,1
KDJFVZLM,1,1,1,1
VODVUSML,1,1,1,1
TEYDEDSE,1,1,1,1
QRESFREN,1,1,1,1
QWRAQHQG,1,1,1,1
WMTDUTGT,1,1,1,1
XZMIESDJ,1,1,1,1
UZANDYDE,1,1,1,1
BMVKNCTV,1,1,1,1
VOBRWVGX,1,1,1,1
GJYUYXFQ,1,1,1,1
IBKYIIFS,1,1,1,1
XDSUUICO,1,1,1,1
ZXQBKCMC,1,1,1,1
RLGMWFDO,1,1,1,1
IBHUFDUR,1,1,1,1
RYQUUCUC,1,1,1,1
WHHIJYVA,1,1,1,1
DNGAYLKL,1,1,1,1
MABGJDIF,1,1,1,1
WNRERHHE,1,1,1,1
FVSBCGTH,1,1,1,1
CUVHWXQO,1,1,1,1
OEZUVHWL,1,1,1,1
HNPDSQIV,1,1,1,1
WPDCEVUS,1,1,1,1
IBDSNTAX,1,1,1,1
HJOOCRHD,1,1,1,1
PPTISCQF,1,1,1,1
EQEGUIGS,1,1,1,1
NVIYTJDB,1,1,1,1
GBSOWPBB,1,1,1,1
TFHWRDNM,1,1,1,1
NVSPAIBU,1,1,1,1
XZRJOXDA,1,1,1,1
IAPAGDDR,1,1,1,1
GHHQPRSO,1,1,1,1
XFUCYMLS,1,1,1,1
ACZPEWCZ,1,1,1,1
RNKYKGCL,1,1,1,1
CHEQDNIC,1,1,1,1
CEIJWOLH,1,1,1,1
CWRABNYX,1,1,1,1
QPWWWDMR,1,1,1,1
MUQOODTJ,1,1,1,1
IQBGXNHG,1,1,1,1
VZQJROBJ,1,1,1,1
YLKMPSZK,1,1,1,1
UHXLCZQI,1,1,1,1
FAYZXTPU,1,1,1,1
TXEDTGYB,1,1,1,1
HLPWVPFS,1,1,1,1
DGJSQAJL,1,1,1,1
KKTZRTHL,1,1,1,1
GSCLQRZD,1,1,1,1
MQCCKAKH,1,1,1,1
GODIWICZ,1,1,1,1
JLEQYATM,1,1,1,1
BWADOBYO,1,1,1,1
EAIDSKSE,1,1,1,1
XAJILIAJ,1,1,1,1
ZOBSZJMM,1,1,1,1
PCFWSRJP,1,1,1,1
QOFERAHP,1,1,1,1
PEOPKLNG,1,1,1,1
BRPQKEFL,1,1,1,1
KRDEPDJA,1,1,1,1
IDTAATJP,1,1,1,1
IXZHVCDX,1,1,1,1
JRYOFURX,1,1,1,1
IUGDTJOM,1,1,1,1
NSIAIKFV,1,1,1,1
ZVCBKBSR,1,1,1,1
IIUNDGXS,1,1,1,1
CQTMKWOR,1,1,1,1
QVRUBINH,1,1,1,1
TJZBEESI,1,1,1,1
VWGVKROQ,1,1,1,1
YCMDKAHG,1,1,1,1
CSEQDSXH,1,1,1,1
AMJUNWIP,1,1,1,1
AQUYFNVV,1,1,1,1
EFEXDEYX,1,1,1,1
WAQBDGRM,1,1,1,1
OSTPSXQX,1,1,1,1
KZVMDBPJ,1,1,1,1
UTYQNQFQ,1,1,1,1
DBBNRXRN,1,1,1,1
IHLTZNQR,1,1,1,1
TZGMVULC,1,1,1,1
IYYABMCO,1,1,1,1
VZPKNLBA,1,1,1,1
BWOYSXOS,1,1,1,1
DHSMFAMG,1,1,1,1
EDMHIFGJ,1,1,1,1
HJUBBGTO,1,1,1,1
WQBWVYRV,1,1,1,1
QJHXHNUC,1,1,1,1
HPNUAUUU,1,1,1,1
YBBXNPBH,1,1,1,1
BPRUAZXE,1,1,1,1
GVNJMNVC,1,1,1,1
GIEXVIDM,1,1,1,1
UZWVPGTH,1,1,1,1
ZBZOIOYM,1,1,1,1
OWPFPUEP,1,1,1,1
BJOVYARC,1,1,1,1
BHJSHJHQ,1,1,1,1
FNGTJYNJ,1,1,1,1
ELBXGFRP,1,1,1,1
SBIWYREZ,1,1,1,1
LDWVAAEP,1,1,1,1
SOCBRVCQ,1,1,1,1
ZRKREYNK,1,1,1,1
IBIVQROB,1,1,1,1
HFWWEBRU,1,1,1,1
VBXFHPYF,1,1,1,1
FNAYFDKB,1,1,1,1
OJYMLMDR,1,1,1,1
LABIUBYJ,1,1,1,1
NMPYRVJS,1,1,1,1
VISOJNAP,1,1,1,1
FWTRHIED,1,1,1,1
JOVGZCWI,1,1,1,1
ABDLUKAD,1,1,1,1
XZAAXLIF,1,1,1,1
VQMXWBWY,1,1,1,1
LBHDZLVZ,1,1,1,1
RMOOEFUM,1,1,1,1
TJEDGKRM,1,1,1,1
NUKVCNON,1,1,1,1
SIVAEAVI,1,1,1,1
OVPLZGGX,1,1,1,1
FAERBLRE,1,1,1,1
UTPQVHPZ,1,1,1,1
RTBCIDHY,1,1,1,1
RYBCXREP,1,1,1,1
VZOSWBFT,1,1,1,1
QAESNFJX,1,1,1,1
PFAUOFWZ,1,1,1,1
XKRPZXSH,1,1,1,1
UAZXKRSQ,1,1,1,1
UYBBHRRB,1,1,1,1
PLNCNMIR,1,1,1,1
MRUQUKVF,1,1,1,1
FVAUSCRS,1,1,1,1
LBZBJUDC,1,1,1,1
DKRVECNQ,1,1,1,1
VRTDOXPV,1,1,1,1
KYTWRFWX,1,1,1,1
MCXHNMQF,1,1,1,1
TQRHWNYF,1,1,1,1
VMEAKLYJ,1,1,1,1
AEQHKJTG,1,1,1,1
FUZFRIOM,1,1,1,1
EZLHHZCC,1,1,1,1
NOFLWXRW,1,1,1,1
OKXRMNMD,1,1,1,1
XCOMMEOI,1,1,1,1
FZJOIGMO,1,1,1,1
ASVRUBQI,1,1,1,1
OJXIDUAD,1,1,1,1
ZCKGTNAW,1,1,1,1
ZGRAUAEX,1,1,1,1
JAJONPTM,1,1,1,1
ZAPNSRHS,1,1,1,1
MVSGFXIH,1,1,1,1
RWICCLPC,1,1,1,1
JLXYNFDB,1,1,1,1
JEXIQXRR,1,1,1,1
PZDCYEAS,1,1,1,1
IDIWTQAU,1,1,1,1
GMPEIFLS,1,1,1,1
CWWUPGKU,1,1,1,1
BRWAMQPG,1,1,1,1
BSCGPGFY,1,1,1,1
UPZBLHGD,1,1,1,1
PMUWVJQG,1,1,1,1
DLEWJGEA,1,1,1,1
LDEEHGPN,1,1,1,1
QBGDKZFR,1,1,1,1
RTDSDOEY,1,1,1,1
PRZHGOOK,1,1,1,1
KNKIBCPA,1,1,1,1
JBQGDGVU,1,1,1,1
NACECYVV,1,1,1,1
CTDAVXOW,1,1,1,1
YITCUSVF,1,1,1,1
UPKBFOVN,1,1,1,1
DYSHQZDD,1,1,1,1
DSHQQXPO,1,1,1,1
GDHUEZCN,1,1,1,1
XMZXRSRI,1,1,1,1
ERQDOLTZ,1,1,1,1
IBSQERRU,1,1,1,1
NWMWWWOQ,1,1,1,1
TUBCONBS,1,1,1,1
NCCLUSUO,1,1,1,1
RNKVJKHQ,1,1,1,1
YSIOCBFT,1,1,1,1
ZOCNSLUK,1,1,1,1
QTQJVTVG,1,1,1,1
ISMADUWX,1,1,1,1
DENGDCBZ,1,1,1,1
ALBDTYNC,1,1,1,1
ECDKFXBA,1,1,1,1
NIPBVGWF,1,1,1,1
KKHOZMYC,1,1,1,1
JXTZVMSY,1,1,1,1
DETBADQU,1,1,1,1
YIPQMMHX,1,1,1,1
GDWYMMYN,1,1,1,1
GPBHZLZX,1,1,1,1
RMENRTTP,1,1,1,1
LLYLRJOC,1,1,1,1
TCBUBKWQ,1,1,1,1
MGZIGDLA,1,1,1,1
NNKIUZNF,1,1,1,1
TFLMJQWM,1,1,1,1
GSEZKNJP,1,1,1,1
SRWSDKYV,1,1,1,1
BJRWSCOX,1,1,1,1
UINAQOJQ,1,1,1,1
EYFMUKKC,1,1,1,1
LTNPWKIF,1,1,1,1
IQHQQXBO,1,1,1,1
NMBMWWBL,1,1,1,1
VVYWWKNO,1,1,1,1
OPSZWMLZ,1,1,1,1
PLLFACHM,1,1,1,1
PVHJUSVA,1,1,1,1
ANDOKYIN,1,1,1,1
VRBWBXPY,1,1,1,1
CHOYNSQA,1,1,1,1
JWTFTRFZ,1,1,1,1
XSGZPLPK,1,1,1,1
UMSGGQMN,1,1,1,1
IKYJGNWJ,1,1,1,1
LJALYZHF,1,1,1,1
QALWRHVW,1,1,1,1
IQWEUXVS,1,1,1,1
MXZUIZUY,1,1,1,1
AAOFRAXI,1,1,1,1
PVQNHULH,1,1,1,1
WDRFZUOD,1,1,1,1
XNPAGMNV,1,1,1,1
GMEUCMVB,1,1,1,1
ROZPRTZT,1,1,1,1
EHZAOIZH,1,1,1,1
KDRGIAZI,1,1,1,1
EVBFUVXK,1,1,1,1
JXTMYNQB,1,1,1,1
MQGXWJKX,1,1,1,1
IGFSYUPX,1,1,1,1
YVEZEBFQ,1,1,1,1
YZUHNWFP,1,1,1,1
EDJHSWOY,1,1,1,1
ZBXLXFAQ,1,1,1,1
SOIRDKEI,1,1,1,1
WMGSLXEE,1,1,1,1
QUFUBASY,1,1,1,1
STMZNWTL,1,1,1,1
IQAQJWHD,1,1,1,1
RWYACKAV,1,1,1,1
KRFJAPDF,1,1,1,1
RWWEQDPF,1,1,1,1
QZKUCDKP,1,1,1,1
IYFWIZXY,1,1,1,1
KXUEFOSK,1,1,1,1
EYLEHDWL,1,1,1,1
TAAIJHCH,1,1,1,1
KIIPUBOY,1,1,1,1
CKZXABOP,1,1,1,1
QAVRDAJV,1,1,1,1
QGPDCFGW,1,1,1,1
TXBLTYIP,1,1,1,1
EGGJDUYO,1,1,1,1
QTZUHEKG,1,1,1,1
IYCNUNRO,1,1,1,1
QSQMKWHV,1,1,1,1
JHHSJSWC,1,1,1,1
OXTHYFNU,1,1,1,1
ISXOFDRZ,1,1,1,1
VAPASPCX,1,1,1,1
FZTJJUNE,1,1,1,1
STNCHTUC,1,1,1,1
JLWDTJJZ,1,1,1,1
IPJCOITY,1,1,1,1
NJCHHLIS,1,1,1,1
LEQDIYOE,1,1,1,1
FFPUAAPX,1,1,1,1
RIFZBFRT,1,1,1,1
CUKMVTEM,1,1,1,1
FGGRMADX,1,1,1,1
KEGCLMUY,1,1,1,1
WSTGHCRS,1,1,1,1
ZQFDMWTV,1,1,1,1
HRWOFOIO,1,1,1,1
GCMGMMIV,1,1,1,1
ECECYQKE,1,1,1,1
ABOEKFSC,1,1,1,1
KQQXVGSD,1,1,1,1
FNELQXCV,1,1,1,1
IHFVFZOG,1,1,1,1
FXCDJQDV,1,1,1,1
MLLFAEXX,1,1,1,1
OWUQILXP,1,1,1,1
EAOSGSDV,1,1,1,1
LJJYVHUQ,1,1,1,1
QPRXSSNJ,1,1,1,1
QWGJAQEF,1,1,1,1
RWEVWXHE,1,1,1,1
VYKBHYSD,1,1,1,1
EHYBPHJB,1,1,1,1
XDUZYGTE,1,1,1,1
MAQNJCBI,1,1,1,1
XHVJUNAV,1,1,1,1
ZENJPOXB,1,1,1,1
ATSPNTDF,1,1,1,1
DZSLQCOD,1,1,1,1
MLGQRTQB,1,1,1,1
KNZNRNVW,1,1,1,1
GSPNPIVX,1,1,1,1
KHMJVHCJ,1,1,1,1
REYPIBJI,1,1,1,1
DSBDURTX,1,1,1,1
HGTQZSLQ,1,1,1,1
MKBHKCZX,1,1,1,1
JOUBHEEI,1,1,1,1
RBQBYXEW,1,1,1,1
ZXJKMNUH,1,1,1,1
RQMMXCJU,1,1,1,1
IACMGIJL,1,1,1,1
HATVUCXV,1,1,1,1
WGJBRIOS,1,1,1,1
YXAPGLLU,1,1,1,1
OSBITZTO,1,1,1,1
QHNUDIHF,1,1,1,1
VQRVGGRO,1,1,1,1
QLNTFJPX,1,1,1,1
AFMPEBNU,1,1,1,1
EAZWXMSQ,1,1,1,1
LWCFZNGQ,1,1,1,1
LPFBITXJ,1,1,1,1
UYIFMOID,1,1,1,1
RWXHTNTZ,1,1,1,1
XVHVHOKM,1,1,1,1
XHQSHNLX,1,1,1,1
XVPXHUDP,1,1,1,1
FVTIJVDC,1,1,1,1
KNDNNTYK,1,1,1,1
DGZSCMKB,1,1,1,1
FOXWQECP,1,1,1,1
CZQUZKLW,1,1,1,1
IBZTGXIE,1,1,1,1
HHGOHGJZ,1,1,1,1
FLQLTEBS,1,1,1,1
REINGSWT,1,1,1,1
QOAHBRAY,1,1,1,1
EDICQJYQ,1,1,1,1
WZCDGMWI,1,1,1,1
KKGIOCYR,1,1,1,1
EVSASZUC,1,1,1,1
HCEGEFPF,1,1,1,1
WPKIEMFR,1,1,1,1
PMXPBZHC,1,1,1,1
TPEDKWVR,1,1,1,1
SOUESPUT,1,1,1,1
KIZIYMSB,1,1,1,1
HYMTHHIV,1,1,1,1
MRQVGBLW,1,1,1,1
JRBEGQBL,1,1,1,1
QMPLJDMU,1,1,1,1
DUKHLCIJ,1,1,1,1
HQVTITIL,1,1,1,1
EGTUKIXI,1,1,1,1
QEXDAXEC,1,1,1,1
DFMFYBBI,1,1,1,1
WVWJBZDC,1,1,1,1
ILOAMQJU,1,1,1,1
RWIVDZXD,1,1,1,1
BAHHUWTP,1,1,1,1
IBZNVQQU,1,1,1,1
QIQADXHU,1,1,1,1
EKFLSGJI,1,1,1,1
UEGMJHRV,1,1,1,1
GAJLMDMQ,1,1,1,1
MJIIXFTA,1,1,1,1
FOTKDBPW,1,1,1,1
NSQECZYQ,1,1,1,1
FEQIOUEQ,1,1,1,1
ZLEJBFMT,1,1,1,1
GHQJXQJR,1,1,1,1
LGZFIXXE,1,1,1,1
HKBKEGFO,1,1,1,1
MVFDCDLP,1,1,1,1
FPKVMRLR,1,1,1,1
XXWVOSKE,1,1,1,1
FABAJLWU,1,1,1,1
ZKINDOKA,1,1,1,1
HQYISWWC,1,1,1,1
PSKHHWTE,1,1,1,1
GALVEFDD,1,1,1,1
OPKTVXCQ,1,1,1,1
VCXNUFGK,1,1,1,1
UFQDHHZW,1,1,1,1
KSBVCETZ,1,1,1,1
JRJGAACF,1,1,1,1
KVJRMKWG,1,1,1,1
AELIHMRG,1,1,1,1
TFOXFDIS,1,1,1,1
PIFFBNSO,1,1,1,1
BORSMBYD,1,1,1,1
XFEYBBYY,1,1,1,1
MFUIOEGD,1,1,1,1
AZEOCECN,1,1,1,1
XILJJGWP,1,1,1,1
ATAYJWAL,1,1,1,1
PTOPABZM,1,1,1,1
MEUGEKQQ,1,1,1,1
SEUNXMVT,1,1,1,1
YTTVYPWL,1,1,1,1
LEMALUTQ,1,1,1,1
JWDPWZRY,1,1,1,1
LIYBXCWM,1,1,1,1
UTCCWFGU,1,1,1,1
YGLZYDPO,1,1,1,1
QMIFSVKE,1,1,1,1
UIAVYPVW,1,1,1,1
NHBXMCMO,1,1,1,1
ARPUWNXL,1,1,1,1
YETPXZUQ,1,1,1,1
LOABMYTS,1,1,1,1
WGGZAWQS,1,1,1,1
RANCVHJL,1,1,1,1
OOTNCKMT,1,1,1,1
ISHXYCHV,1,1,1,1
QVZHREOM,1,1,1,1
AIRPBHGI,1,1,1,1
NJUABSTR,1,1,1,1
RERTYDMG,1,1,1,1
JBFKRWUN,1,1,1,1
KMWGFOFM,1,1,1,1
EJRVJRBZ,1,1,1,1
MRMQSFSE,1,1,1,1
DVGHBVNL,1,1,1,1
OZIDROUV,1,1,1,1
XMREUQHG,1,1,1,1
RTGRRLCS,1,1,1,1
IRYYWXCD,1,1,1,1
VOLYVJAC,1,1,1,1
NNCECTXP,1,1,1,1
HUXWAECN,1,1,1,1
LINUJOFD,1,1,1,1
RRXEUMDG,1,1,1,1
EOITXZPG,1,1,1,1
GVPXZSLQ,1,1,1,1
AKXNEGHM,1,1,1,1
QRCWTDJB,1,1,1,1
LFBTZDGA,1,1,1,1
QINHJQOW,1,1,1,1
ELPJNBIW,1,1,1,1
UQQBBLOU,1,1,1,1
WHYLKSFJ,1,1,1,1
BFTCYCMX,1,1,1,1
BSIJETSX,1,1,1,1
CGEKQLJH,1,1,1,1
MVNXQYNI,1,1,1,1
QLSLBMKK,1,1,1,1
PUIWILSE,1,1,1,1
BTEZISNL,1,1,1,1
XRXOIGLX,1,1,1,1
YMJFUJQM,1,1,1,1
WSTPYEEG,1,1,1,1
KGDGMHNL,1,1,1,1
MCBFBBZG,1,1,1,1
WTKCIGRO,1,1,1,1
EHZCNDEL,1,1,1,1
JJEJNVKF,1,1,1,1
LSFXJXIB,1,1,1,1
IBZBYOID,1,1,1,1
JUQPTILG,1,1,1,1
BCUBXGWO,1,1,1,1
HDBKWAVQ,1,1,1,1
KRFOHDLX,1,1,1,1
XFQIHOOL,1,1,1,1
VNDDALAD,1,1,1,1
DFNAVEYT,1,1,1,1
NAWCPXFE,1,1,1,1
RNANOFKI,1,1,1,1
LFNKJFGE,1,1,1,1
WLTTSGBK,1,1,1,1
UVHRSEXZ,1,1,1,1
QZZAILRI,1,1,1,1
BHKEBGIJ,1,1,1,1
XYDWDUAL,1,1,1,1
URISDPAK,1,1,1,1
VEHPTWRS,1,1,1,1
FWNNBVIO,1,1,1,1
SQPSSGRU,1,1,1,1
ECTGZXFJ,1,1,1,1
MMJCBVQV,1,1,1,1
YLUQXZBN,1,1,1,1
NAIGZUCM,1,1,1,1
KYQSSOME,1,1,1,1
CSSJUDJZ,1,1,1,1
KACCLXVJ,1,1,1,1
YJGYAPTF,1,1,1,1
DDJRQMHU,1,1,1,1
OUXZBGWA,1,1,1,1
WHFSGUXT,1,1,1,1
BWYEYZLY,1,1,1,1
EHJBTCSV,1,1,1,1
NMMCXNOC,1,1,1,1
HAZTKTPJ,1,1,1,1
IGYWWSHK,1,1,1,1
FBZVLIAJ,1,1,1,1
ILQLVGDW,1,1,1,1
HILRZESF,1,1,1,1
MKRNEQLO,1,1,1,1
KEKKXJRI,1,1,1,1
FOAFGOGO,1,1,1,1
GBDEEJNR,1,1,1,1
MXCAIQXE,1,1,1,1
OHYEFDOO,1,1,1,1
MXAHAHFN,1,1,1,1
QEHDPIST,1,1,1,1
GRRLKQVU,1,1,1,1
IBUODABI,1,1,1,1
FBXZDVBF,1,1,1,1
EGQEKAOP,1,1,1,1
NNFFJSIZ,1,1,1,1
VZMEQBDP,1,1,1,1
KEQJFKZC,1,1,1,1
PAQBSFAQ,1,1,1,1
ADCCPNLM,1,1,1,1
CRIYDWAR,1,1,1,1
BNJDAJMQ,1,1,1,1
RGDMAWUM,1,1,1,1
ZXWIIQHD,1,1,1,1
JJOUYVGZ,1,1,1,1
YWLZDFWD,1,1,1,1
XEQZHOFJ,1,1,1,1
IBVRMBUB,1,1,1,1
FPSSUATM,1,1,1,1
SMXADCZA,1,1,1,1
ZBKOOMUG,1,1,1,1
OSPDPXSB,1,1,1,1
AKUPLBZH,1,1,1,1
WTHJRNUI,1,1,1,1
MPULEAEM,1,1,1,1
RFDDVTWM,1,1,1,1
YMMLHJPO,1,1,1,1
LHFVSXXK,1,1,1,1
HWFKGOKP,1,1,1,1
MUDVGHRT,1,1,1,1
UELIHFKC,1,1,1,1
GOWNJMFM,1,1,1,1
IZVDOCOU,1,1,1,1
OLUKBPKQ,1,1,1,1
FRKSEYOZ,1,1,1,1
WBATRHBO,1,1,1,1
CFNHKYWX,1,1,1,1
PRIOMQLH,1,1,1,1
JRRGONFN,1,1,1,1
VVJKPXKK,1,1,1,1
SNPJOMZD,1,1,1,1
ZWNUZGPX,1,1,1,1
UBJRVCXU,1,1,1,1
RAAMTYDJ,1,1,1,1
KWZRMLON,1,1,1,1
TVOSEVZO,1,1,1,1
PQZQEOZX,1,1,1,1
HYUSXRRZ,1,1,1,1
GCFQDDKX,1,1,1,1
XYKRHBIL,1,1,1,1
DWLOAXLT,1,1,1,1
OBIVEGZH,1,1,1,1
NGXNTUUA,1,1,1,1
PVUSTCDJ,1,1,1,1
UDLPEBQP,1,1,1,1
PPDMJVKW,1,1,1,1
LLMPIAWO,1,1,1,1
BAOPJBTK,1,1,1,1
BETCQGVP,1,1,1,1
JZURUCOB,1,1,1,1
ZDVGKPBE,1,1,1,1
IRGWHQLN,1,1,1,1
MDHAXYQO,1,1,1,1
CMOGISJC,1,1,1,1
VDBUZQXO,1,1,1,1
SXOROJKR,1,1,1,1
ILDMPCRH,1,1,1,1
IJLYQOST,1,1,1,1
UFKWHAWU,1,1,1,1
SCXBTVVN,1,1,1,1
WUYPRLXW,1,1,1,1
DFKWXVUX,1,1,1,1
XGUPNIEU,1,1,1,1
UKPSVTQC,1,1,1,1
JAIDWBCU,1,1,1,1
XTSWKDER,1,1,1,1
LQOFCWET,1,1,1,1
IXVNLWII,1,1,1,1
CIIVKRMD,1,1,1,1
OAEZSBJP,1,1,1,1
YJLWFVAM,1,1,1,1
QWVYRVDH,1,1,1,1
JFCWKJIK,1,1,1,1
RGQAMZBB,1,1,1,1
OWWBRFEE,1,1,1,1
FNRGQGQT,1,1,1,1
XGHBHDHT,1,1,1,1
XOQGIQHU,1,1,1,1
FNEGPUCY,1,1,1,1
TAPNVHDN,1,1,1,1
QMIFFIFC,1,1,1,1
GDBELFXX,1,1,1,1
IITBDIIQ,1,1,1,1
PBLCSWBJ,1,1,1,1
BUQEMHTS,1,1,1,1
DYPPAMTR,1,1,1,1
JINVMCPM,1,1,1,1
NNAZNNQH,1,1,1,1
FIWWTTJG,1,1,1,1
YPYONSMJ,1,1,1,1
ADJSERCX,1,1,1,1
NTNUIQOR,1,1,1,1
FHSKJDEN,1,1,1,1
CYDFBUSX,1,1,1,1
OKFUREBW,1,1,1,1
BZUZQEWN,1,1,1,1
TZURDXKO,1,1,1,1
SKRAAVGT,1,1,1,1
TYWQMRCI,1,1,1,1
TLAGQRLA,1,1,1,1
SSRPKSXF,1,1,1,1
YBCWHUSY,1,1,1,1
BMDGQVIK,1,1,1,1
BNOBGWXQ,1,1,1,1
PLFOKSOC,1,1,1,1
WQPPVKWV,1,1,1,1
VGVQSLDV,1,1,1,1
IHYAEKEI,1,1,1,1
BOHPFMDJ,1,1,1,1
APPMWSFM,1,1,1,1
KFIYTUGO,1,1,1,1
SJTXCEZN,1,1,1,1
EQVHQBBO,1,1,1,1
FLLCUFXJ,1,1,1,1
ZIGOBCLC,1,1,1,1
THIYHFSY,1,1,1,1
GWILYPXQ,1,1,1,1
UBDMXZMR,1,1,1,1
ZDCDABDA,1,1,1,1
XNPYTURK,1,1,1,1
WLAPXWPH,1,1,1,1
BTSTWTNG,1,1,1,1
QQHOUREV,1,1,1,1
XYCXKZLC,1,1,1,1
SKEGLPSY,1,1,1,1
EQODRSXL,1,1,1,1
PXTBJLQZ,1,1,1,1
MMKLHCPG,1,1,1,1
XQXNMFYS,1,1,1,1
LTFTIZMD,1,1,1,1
HCRTVQSP,1,1,1,1
VSHICSFO,1,1,1,1
PHPFQTZQ,1,1,1,1
IQBNGGRV,1,1,1,1
BATRMHDS,1,1,1,1
GNWRFSHU,1,1,1,1
WAZXWEUE,1,1,1,1
FCWUHLDV,1,1,1,1
WPNGBACA,1,1,1,1
OANYIHNE,1,1,1,1
XGDUAGND,1,1,1,1
SEVXYRXR,1,1,1,1
TEDIEZGV,1,1,1,1
LFZXESQW,1,1,1,1
COETDNLM,1,1,1,1
IWBWLCPG,1,1,1,1
TOFPATBG,1,1,1,1
TSPCBTHF,1,1,1,1
ZATNMXFE,1,1,1,1
FOKQQTAM,1,1,1,1
TXTKAHNO,1,1,1,1
WDBMBPVY,1,1,1,1
DCLVLDNS,1,1,1,1
CDXLHUKL,1,1,1,1
YPJWEFBQ,1,1,1,1
NJNLSQLK,1,1,1,1
JCCELEQK,1,1,1,1
KVTGIYNS,1,1,1,1
ACPERUKJ,1,1,1,1
HLEIKXVT,1,1,1,1
NQZHHBXV,1,1,1,1
ICNKSYBI,1,1,1,1
CQPFHOLD,1,1,1,1
TVTDYWAV,1,1,1,1
VOPVPPQC,1,1,1,1
AZMJUDAV,1,1,1,1
FLLVCTBC,1,1,1,1
ANQWNUBD,1,1,1,1
ACPGVAGO,1,1,1,1
FEYEUMMT,1,1,1,1
RUATMLFE,1,1,1,1
ZCKZGXWJ,1,1,1,1
VWKESIMV,1,1,1,1
COZOZZSJ,1,1,1,1
YWFNHFTO,1,1,1,1
IGJLRXAZ,1,1,1,1
BFRGNMFL,1,1,1,1
FEWNFKWY,1,1,1,1
FRQLYPVS,1,1,1,1
HVTPAZLV,1,1,1,1
HNGBIPYT,1,1,1,1
WMVCKNRR,1,1,1,1
QYJKPPEU,1,1,1,1
BTGRDNIJ,1,1,1,1
YBSQSHJU,1,1,1,1
VAWWHCPJ,1,1,1,1
DAEQYUVG,1,1,1,1
XQSAFBEU,1,1,1,1
GHDKCEKH,1,1,1,1
UHKHPUXR,1,1,1,1
BAIKOOLL,1,1,1,1
RDJUIXAR,1,1,1,1
NASPVZNO,1,1,1,1
BBJQTHPD,1,1,1,1
OUQNKAKC,1,1,1,1
SVNLVWYX,1,1,1,1
BYVCQOBC,1,1,1,1
OIXXJJRX,1,1,1,1
BFBIQGBR,1,1,1,1
IGTEJKJV,1,1,1,1
INXMETUW,1,1,1,1
MYMZQRMV,1,1,1,1
AJGOIORH,1,1,1,1
OQKOQVED,1,1,1,1
AFONSVPO,1,1,1,1
AYWDUZSE,1,1,1,1
EMSFKVMY,1,1,1,1
WCYDGUTT,1,1,1,1
QFRBDXBS,1,1,1,1
IOCBKOAR,1,1,1,1
YCUJNQRP,1,1,1,1
DPNWIJMR,1,1,1,1
BJTZIDBL,1,1,1,1
XKCJPOEP,1,1,1,1
OIZHTRSP,1,1,1,1
TNUUKVJV,1,1,1,1
ZOMECXIU,1,1,1,1
ZNOKRKEX,1,1,1,1
MMUMWIWO,1,1,1,1
EHDJXNFR,1,1,1,1
EXWCUHAR,1,1,1,1
TTZTTYAS,1,1,1,1
NFRWYHER,1,1,1,1
GFXHOUYW,1,1,1,1
WFLGEXSJ,1,1,1,1
USRWSTEC,1,1,1,1
VOGSVYJE,1,1,1,1
ZWMGMBCT,1,1,1,1
HAEJYICS,1,1,1,1
YWQOPSXE,1,1,1,1
FQSKOXMG,1,1,1,1
REOGZJGQ,1,1,1,1
FIXEICOU,1,1,1,1
QVNCNEZG,1,1,1,1
YPLOOSTP,1,1,1,1
TNMKHJPS,1,1,1,1
NDQXQUWI,1,1,1,1
GXGMDERO,1,1,1,1
LWGIMHEO,1,1,1,1
QSTJRKMS,1,1,1,1
RJQFSRFS,1,1,1,1
OMTRFHTC,1,1,1,1
TYPJSQKI,1,1,1,1
PTFSAPCF,1,1,1,1
UXRJYTBQ,1,1,1,1
YZWCVYGG,1,1,1,1
UNATWUPP,1,1,1,1
VKSBMBYK,1,1,1,1
PNZEVMOI,1,1,1,1
UAWSDMDV,1,1,1,1
UIXLGDYO,1,1,1,1
UGKJNJIU,1,1,1,1
YAHXCPFH,1,1,1,1
DCMAVNKX,1,1,1,1
HMRWOPDZ,1,1,1,1
HYPQIPKJ,1,1,1,1
UVTFNYQP,1,1,1,1
LIINOLIO,1,1,1,1
CNTLGBQD,1,1,1,1
AARSYZWT,1,1,1,1
ETPLVFMR,1,1,1,1
KEYFCETY,1,1,1,1
WVPZCKVZ,1,1,1,1
KNGCYXNG,1,1,1,1
GVZYNPWA,1,1,1,1
DXAYLRUU,1,1,1,1
ZQFZYPDY,1,1,1,1
ERBYTZZG,1,1,1,1
QCUEVUSH,1,1,1,1
SXPEEBIO,1,1,1,1
VAGBUCUT,1,1,1,1
IKAZNBRG,1,1,1,1
ZLGZGXSL,1,1,1,1
MKCPHALD,1,1,1,1
SQULRWMB,1,1,1,1
JQVAAUMY,1,1,1,1
TAUUNWMH,1,1,1,1
SLJBZQVB,1,1,1,1
SHBFOMYO,1,1,1,1
POVEEFUC,1,1,1,1
LUVNPNXL,1,1,1,1
IBSMYQAV,1,1,1,1
QNONSTXJ,1,1,1,1
KSYBRXZB,1,1,1,1
IMJMMVCN,1,1,1,1
EQNBRMXG,1,1,1,1
BVRCQNWD,1,1,1,1
TWQOKOBR,1,1,1,1
KTBUNHWV,1,1,1,1
QEKSYNHK,1,1,1,1
SKMIKYPQ,1,1,1,1
HIADUVAN,1,1,1,1
GHUCCCWW,1,1,1,1
UUSDFJJG,1,1,1,1
SAIRXNXW,1,1,1,1
JAHDRNPC,1,1,1,1
SPCPLIIP,1,1,1,1
UMXHQHSV,1,1,1,1
WZBDKIYR,1,1,1,1
KNKMNDNE,1,1,1,1
SMAWVGFL,1,1,1,1
GAJKGQSJ,1,1,1,1
JMFONRBO,1,1,1,1
FTLHONUC,1,1,1,1
ZMFDHWOJ,1,1,1,1
VCAOAXGP,1,1,1,1
DSMMLHUG,1,1,1,1
XFHUTQLY,1,1,1,1
LAAVSFDZ,1,1,1,1
RRIDQETW,1,1,1,1
YFFRRFUD,1,1,1,1
BBHTABYF,1,1,1,1
IZLKQOUC,1,1,1,1
BXIGDPTA,1,1,1,1
PZLQCYNE,1,1,1,1
TDETHHIT,1,1,1,1
BPJRUAJH,1,1,1,1
CTKABFOI,1,1,1,1
FVQRUCKT,1,1,1,1
LXKXNAYZ,1,1,1,1
UDVTVDCO,1,1,1,1
PNQKXJBV,1,1,1,1
QCNQASJV,1,1,1,1
ECDLWQOB,1,1,1,1
VSDQRGJI,1,1,1,1
CUKINQZT,1,1,1,1
IPLJAECI,1,1,1,1
GCRBITRY,1,1,1,1
RUNZZXIQ,1,1,1,1
EPOAEIBM,1,1,1,1
NLQZPJRA,1,1,1,1
QRIOFANW,1,1,1,1
SKSTAJPV,1,1,1,1
ZTVMTNZA,1,1,1,1
NEZIXQFI,1,1,1,1
VRFHEDMM,1,1,1,1
YZCQAJHQ,1,1,1,1
NQWGUDVZ,1,1,1,1
GQNCQZZM,1,1,1,1
WUWPBHTR,1,1,1,1
BMTRQWVG,1,1,1,1
BPQVPABV,1,1,1,1
BTMINBHZ,1,1,1,1
BLWAUHNL,1,1,1,1
UMEMZMGT,1,1,1,1
RMBNBUML,1,1,1,1
PHHMHAAU,1,1,1,1
GRIBFQLU,1,1,1,1
ABQTVMWU,1,1,1,1
MIFTTIAS,1,1,1,1
ZVINAWMK,1,1,1,1
FQGIYNVF,1,1,1,1
QZERUKJN,1,1,1,1
SNWBQCHJ,1,1,1,1
PJGQHILI,1,1,1,1
HVTSOVXV,1,1,1,1
YKBDWYBY,1,1,1,1
HKVKOZNE,1,1,1,1
VMJNOTOJ,1,1,1,1
ZLPJPJRE,1,1,1,1
EDPPLHHA,1,1,1,1
ZMRHTMOJ,1,1,1,1
GRYMRZXN,1,1,1,1
DJOCAQJQ,1,1,1,1
OJYIFLCD,1,1,1,1
YDQIUAAK,1,1,1,1
DLFLHEDJ,1,1,1,1
TFBJOONN,1,1,1,1
NDNNEPSN,1,1,1,1
ATYZDYSB,1,1,1,1
MTXYPEGQ,1,1,1,1
IUWUHNUR,1,1,1,1
HLSKKOCJ,1,1,1,1
QPTIAKYZ,1,1,1,1
BVMPVYIX,1,1,1,1
MUCILHMN,1,1,1,1
DPWUBIZL,1,1,1,1
NTXRUGDB,1,1,1,1
DFVFALTO,1,1,1,1
ZXVKLQAL,1,1,1,1
QIBEJORM,1,1,1,1
ONYHMGVE,1,1,1,1
ZLNCNGZV,1,1,1,1
EBRXRRMU,1,1,1,1
KHFLJKDD,1,1,1,1
VXHPMOSK,1,1,1,1
ZBQEVRKI,1,1,1,1
DROODTHJ,1,1,1,1
CVQKCIXC,1,1,1,1
MZGKXUAX,1,1,1,1
DLWLRTWT,1,1,1,1
OGJKLMHI,1,1,1,1
BCWDZZQF,1,1,1,1
UMAJNKHR,1,1,1,1
VFZIUIVR,1,1,1,1
OKNAAHKJ,1,1,1,1
NFUJVHRV,1,1,1,1
SBBUZNSI,1,1,1,1
YHJGQYNJ,1,1,1,1
EFEKQNOX,1,1,1,1
SQUWCWNL,1,1,1,1
YJWWLZDQ,1,1,1,1
BAEACAIO,1,1,1,1
WRSLXDXJ,1,1,1,1
XFZOLXOQ,1,1,1,1
PWDAFQNN,1,1,1,1
OKJCNOBN,1,1,1,1
BAAZYAIB,1,1,1,1
HASCKCNY,1,1,1,1
DIWEBTVG,1,1,1,1
GEIPRNCV,1,1,1,1
XIQKSUAE,1,1,1,1
NGUAFZUY,1,1,1,1
KDDYWXXH,1,1,1,1
CYODQSLM,1,1,1,1
DDLGMKPQ,1,1,1,1
QGXXZFMW,1,1,1,1
RPFNWEOM,1,1,1,1
OSVBSRPZ,1,1,1,1
NZWJVMLN,1,1,1,1
WATEJIBY,1,1,1,1
ODATKSYO,1,1,1,1
MDAQFBGT,1,1,1,1
KWVSEOGM,1,1,1,1
HPEPVRFI,1,1,1,1
HPRDCHID,1,1,1,1
YPBJCLMI,1,1,1,1
WCDKRAVU,1,1,1,1
JMCHLZTQ,1,1,1,1
AKDSRZWH,1,1,1,1
AJXTSBWA,1,1,1,1
PHMSATHY,1,1,1,1
BYPNSSZU,1,1,1,1
EDXHBDKH,1,1,1,1
PZMGMHHE,1,1,1,1
ODVRPNVP,1,1,1,1
KDGTODQO,1,1,1,1
WFOPFMAK,1,1,1,1
ADFPWMJU,1,1,1,1
PWBKTKFK,1,1,1,1
VMVXXOOI,1,1,1,1
HIHAIWEN,1,1,1,1
HFPJYDAJ,1,1,1,1
FWFWYYAH,1,1,1,1
PZWXOHAC,1,1,1,1
HMAXFUEU,1,1,1,1
CUFDLCSD,1,1,1,1
CCNLYXWY,1,1,1,1
WGUEDBIT,1,1,1,1
ICMSSRNY,1,1,1,1
MNRWDCMM,1,1,1,1
TDMGBAIS,1,1,1,1
SILEQKMK,1,1,1,1
DVEYUYAV,1,1,1,1
LZAUDLYI,1,1,1,1
MEBYEUMM,1,1,1,1
LAOVSPUP,1,1,1,1
VDVJGVOG,1,1,1,1
AGDTZYQW,1,1,1,1
YHRMTPXJ,1,1,1,1
ZVRUKOOS,1,1,1,1
UBLVSAMV,1,1,1,1
DUVUTZNO,1,1,1,1
KIGQDITB,1,1,1,1
CTHOUKSN,1,1,1,1
AJTWMCAY,1,1,1,1
RWPVIUOS,1,1,1,1
ALRBLLYF,1,1,1,1
DJHKPUQB,1,1,1,1
LXLBNKBB,1,1,1,1
WDJPQLWU,1,1,1,1
APUAUIUJ,1,1,1,1
HTNISEZV,1,1,1,1
MJFLVUNY,1,1,1,1
UWONVIXL,1,1,1,1
RVVLWKVG,1,1,1,1
EIYPURVV,1,1,1,1
QOBXDBCH,1,1,1,1
SLJJSKCH,1,1,1,1
CZTVJQCF,1,1,1,1
AZZJJJHL,1,1,1,1
JLGIRSVD,1,1,1,1
IPUQIISG,1,1,1,1
YQXFRMEN,1,1,1,1
RMDVSURT,1,1,1,1
BUYCBUFO,1,1,1,1
YHHJLERK,1,1,1,1
BFKPGLTL,1,1,1,1
ZREEZDRL,1,1,1,1
FCRTJWKB,1,1,1,1
NTEZQRVB,1,1,1,1
DDTAKSOU,1,1,1,1
ONYDQJZX,1,1,1,1
JTPHRWQP,1,1,1,1
SHQUBRGL,1,1,1,1
JVICQXKW,1,1,1,1
IJJKVNMN,1,1,1,1
MIJCQTFX,1,1,1,1
BXJTUMIJ,1,1,1,1
TNVVZIGV,1,1,1,1
LPONDIAW,1,1,1,1
RVSKWLNF,1,1,1,1
XPHOVWWP,1,1,1,1
QCNBJGZL,1,1,1,1
TYWXVOHD,1,1,1,1
UTQBOKBU,1,1,1,1
OLCASWYC,1,1,1,1
VKKWXJFO,1,1,1,1
DYQCZOTR,1,1,1,1
ONRGNQCZ,1,1,1,1
MNIBGFLL,1,1,1,1
XTWXOTMK,1,1,1,1
YSFFOPZB,1,1,1,1
YAEAQKFG,1,1,1,1
CEJPKINM,1,1,1,1
IRPTBVCZ,1,1,1,1
GHTHDVRI,1,1,1,1
QXRIPKFM,1,1,1,1
JZMYJUCP,1,1,1,1
VNWIFEIF,1,1,1,1
UGBPZAKN,1,1,1,1
LHSDUXNI,1,1,1,1
VJFYGOYD,1,1,1,1
MIQGELNO,1,1,1,1
ADKDGEDZ,1,1,1,1
PQAWJWNC,1,1,1,1
HRKXQXDF,1,1,1,1
IACYCEVC,1,1,1,1
BRCZXVZM,1,1,1,1
HXHUVLIQ,1,1,1,1
RRGUHCMJ,1,1,1,1
ZWPAEQPR,1,1,1,1
TEWTHZVG,1,1,1,1
CIKNHVYP,1,1,1,1
MEEOGQNE,1,1,1,1
ONCOETHQ,1,1,1,1
CBNMVDEU,1,1,1,1
HMXMWZJK,1,1,1,1
BCXADLGI,1,1,1,1
LJUQLKLT,1,1,1,1
XHXXXEII,1,1,1,1
FZRHDGYJ,1,1,1,1
JPSTOFTH,1,1,1,1
DHYQGTWT,1,1,1,1
YSQFLWPV,1,1,1,1
EOQIAXFY,1,1,1,1
MFIGAWZJ,1,1,1,1
JVPLOUOO,1,1,1,1
IHAERMNV,1,1,1,1
TJDCRDMH,1,1,1,1
WGNNEWRO,1,1,1,1
OFCRXVMG,1,1,1,1
CDNQKZAA,1,1,1,1
XVVRUISJ,1,1,1,1
TYOSFLCU,1,1,1,1
WFUGTASF,1,1,1,1
LQVWHRQS,1,1,1,1
TEINVLZL,1,1,1,1
CCWBVKLT,1,1,1,1
KBODPBHH,1,1,1,1
DEAMHEWA,1,1,1,1
WSSDDHCW,1,1,1,1
MLBYLPQO,1,1,1,1
IAZLEQWL,1,1,1,1
FUNJPAYF,1,1,1,1
ASMFCXFF,1,1,1,1
DATHFFKQ,1,1,1,1
NGWPYGVL,1,1,1,1
UIVUIZAH,1,1,1,1
SIRCETPL,1,1,1,1
FDWSZLTW,1,1,1,1
DQGONLEA,1,1,1,1
IHCOTCNR,1,1,1,1
HNHJATAQ,1,1,1,1
IDCWMGPS,1,1,1,1
RQSWEHVH,1,1,1,1
MWQTNXCW,1,1,1,1
AXRKQKGG,1,1,1,1
GKPEFQVV,1,1,1,1
HKTKXJKO,1,1,1,1
CVKQETSJ,1,1,1,1
ASQIAFEU,1,1,1,1
GRIHAGGS,1,1,1,1
XUVITKBX,1,1,1,1
VSBYRGMQ,1,1,1,1
FNLJMRGV,1,1,1,1
POMDNJUU,1,1,1,1
ALWMSBQI,1,1,1,1
MDQSUXYE,1,1,1,1
STZDSGQR,1,1,1,1
XKHLLPHH,1,1,1,1
YHAQIWWJ,1,1,1,1
YOSSIGPS,1,1,1,1
QYGTLPHF,1,1,1,1
UKGBWYZB,1,1,1,1
HBDZYWSM,1,1,1,1
NBFCPHGD,1,1,1,1
JKWYVENZ,1,1,1,1
DITBUMJJ,1,1,1,1
OVJYXTXS,1,1,1,1
PCFNZENB,1,1,1,1
PONIVIAS,1,1,1,1
OIHXSMZU,1,1,1,1
RIJJNBEW,1,1,1,1
AWULKPDZ,1,1,1,1
TEZGWVNB,1,1,1,1
LMDCKVWQ,1,1,1,1
FZRPETGR,1,1,1,1
SRXMWWGL,1,1,1,1
WICIDYHS,1,1,1,1
GRQGNRHX,1,1,1,1
VRPUMIUA,1,1,1,1
IYUEJFYW,1,1,1,1
PLPWSQKG,1,1,1,1
YNRBXNDI,1,1,1,1
POOQTTCP,1,1,1,1
AHZSNUZI,1,1,1,1
RZOVCBAB,1,1,1,1
EHJGTANH,1,1,1,1
ZEZDSTQT,1,1,1,1
SZHBLEZK,1,1,1,1
DMHTPDEO,1,1,1,1
WYXZPCHG,1,1,1,1
JUWSAACP,1,1,1,1
PSUYSZRA,1,1,1,1
LXVDNUDD,1,1,1,1
MZWTNEVV,1,1,1,1
EZGMYVNG,1,1,1,1
DVUZPCDD,1,1,1,1
UOEJMTOS,1,1,1,1
LCHJACAT,1,1,1,1
EBIVLRCL,1,1,1,1
WRRBUEOK,1,1,1,1
GOCQGLDA,1,1,1,1
CISIEJFN,1,1,1,1
GQUTLKWB,1,1,1,1
VXPZKHIV,1,1,1,1
GJZNBCEC,1,1,1,1
MILELYOE,1,1,1,1
SMXJBMHG,1,1,1,1
MHXGUVLM,1,1,1,1
DQNCBKXK,1,1,1,1
YWVOSFSZ,1,1,1,1
TRXGNLHI,1,1,1,1
MAMCUBEG,1,1,1,1
NFGYSGYH,1,1,1,1
PKLMSUWW,1,1,1,1
QAEIRIWT,1,1,1,1
XTLVMVSZ,1,1,1,1
RNPWNNGN,1,1,1,1
ZRXXCNLR,1,1,1,1
SIGALLJU,1,1,1,1
YCSUWVEC,1,1,1,1
FPPFRJJP,1,1,1,1
SMDYTGTT,1,1,1,1
GQLAMBDJ,1,1,1,1
IKNIEMIW,1,1,1,1
OOPVCXUA,1,1,1,1
WXREMQVG,1,1,1,1
KBTHRAFE,1,1,1,1
BAQFYAKW,1,1,1,1
EWAZEUDU,1,1,1,1
ODPGATIK,1,1,1,1
ISIYXUKI,1,1,1,1
NYKPHSSJ,1,1,1,1
GZRLIXBU,1,1,1,1
TDYNIXPU,1,1,1,1
WYHTIWOI,1,1,1,1
DAXTZIYO,1,1,1,1
EYWTVUEH,1,1,1,1
SCHWJRHO,1,1,1,1
FJFHYSGB,1,1,1,1
JSSDHKPT,1,1,1,1
REYOWMEC,1,1,1,1
NMBKDBFN,1,1,1,1
DNFPTFMC,1,1,1,1
HUHVNYEZ,1,1,1,1
UKEVRIZK,1,1,1,1
VYDOFZUQ,1,1,1,1
GMFXSAOL,1,1,1,1
DGEZQFJQ,1,1,1,1
KEOVCQHB,1,1,1,1
OXOFYEER,1,1,1,1
KZHXKIFU,1,1,1,1
QRDYLVSY,1,1,1,1
BLDORCKK,1,1,1,1
TUTNGVKP,1,1,1,1
TPBZKEFF,1,1,1,1
XSUZGRAQ,1,1,1,1
MFCOQPOH,1,1,1,1
OEESATSM,1,1,1,1
NCIWKGFE,1,1,1,1
BTNTJKPF,1,1,1,1
RHPENIAG,1,1,1,1
EXUIRDLJ,1,1,1,1
NTNQFNIA,1,1,1,1
RCASPBUO,1,1,1,1
AEDQEMHC,1,1,1,1
PDQIUHWX,1,1,1,1
LXFWSTCN,1,1,1,1
LMURUNEH,1,1,1,1
YHSYSTOV,1,1,1,1
RMTYVMFK,1,1,1,1
NNUSJIFC,1,1,1,1
HBDKXNGX,1,1,1,1
ZRPWIUBR,1,1,1,1
HZMHSIMR,1,1,1,1
KQCGPCHX,1,1,1,1
OHBEGXLV,1,1,1,1
WTBDIERS,1,1,1,1
JECPMKAV,1,1,1,1
XQAHVEVM,1,1,1,1
XNGEFSEB,1,1,1,1
BIKNURMS,1,1,1,1
PPOIDFGH,1,1,1,1
PPAYHIOB,1,1,1,1
VOWIVDCE,1,1,1,1
YHOBOKOR,1,1,1,1
MYPMMFEK,1,1,1,1
WPBMDGWG,1,1,1,1
SGLBCAAK,1,1,1,1
FYEYVJKT,1,1,1,1
EFZSPIUC,1,1,1,1
NJUPANQQ,1,1,1,1
XBWGAVSZ,1,1,1,1
FTLPDTSI,1,1,1,1
LNRGNBRA,1,1,1,1
GTZWAPJB,1,1,1,1
VUJBMYXM,1,1,1,1
JNIJHKEH,1,1,1,1
HXXGFKUK,1,1,1,1
EUMIQLFK,1,1,1,1
OGSSAUYN,1,1,1,1
SATSMHFU,1,1,1,1
CDROHWBM,1,1,1,1
MTYJJUUC,1,1,1,1
OUSXHAYS,1,1,1,1
VKRTBRDV,1,1,1,1
IWRINJVR,1,1,1,1
HUEJRVJW,1,1,1,1
KCDSQZFW,1,1,1,1
JPQFLWNT,1,1,1,1
ZIKUYPNL,1,1,1,1
YUTVQTFG,1,1,1,1
SMQEKFIB,1,1,1,1
NJGUZOKI,1,1,1,1
ADLJCLZU,1,1,1,1
PABXTEWN,1,1,1,1
FAYJNWOM,1,1,1,1
QLREVDJN,1,1,1,1
GTOUUPEK,1,1,1,1
DMRIHNKY,1,1,1,1
RXYUVCRQ,1,1,1,1
MVNVMOSA,1,1,1,1
LEUFEYNK,1,1,1,1
QPDDHLMD,1,1,1,1
JFYJPMOD,1,1,1,1
VWBCVNLM,1,1,1,1
ZWOBTIGW,1,1,1,1
UMQPBLYE,1,1,1,1
ENZENKSF,1,1,1,1
LWLFWKTR,1,1,1,1
VLRAZQMP,1,1,1,1
UHQFJUKL,1,1,1,1
GVDOXNLQ,1,1,1,1
OQDTFLKK,1,1,1,1
SCVMCOKI,1,1,1,1
AXAELBAZ,1,1,1,1
SGTBGWJU,1,1,1,1
CQSGDJFI,1,1,1,1
MDQJFLDI,1,1,1,1
FIDJKPTN,1,1,1,1
QORZTABR,1,1,1,1
BDYQPUMV,1,1,1,1
ARAODFPO,1,1,1,1
CURAMQJO,1,1,1,1
LKZQGGCA,1,1,1,1
SYUHTIDE,1,1,1,1
CGLPSNDH,1,1,1,1
GUGPAKLN,1,1,1,1
VAFYANLM,1,1,1,1
KHBVRXEE,1,1,1,1
ZYEITTLF,1,1,1,1
BAYAPZYC,1,1,1,1
VZQDDRGM,1,1,1,1
QYDIGHNB,1,1,1,1
GFESDEMR,1,1,1,1
TLSWFIAP,1,1,1,1
OYJYSOVE,1,1,1,1
BPDTPWNL,1,1,1,1
ATYTBWBX,1,1,1,1
KOHAXAYI,1,1,1,1
STALILFF,1,1,1,1
JUNCAJGC,1,1,1,1
QGQPAZTT,1,1,1,1
FVJOXFFC,1,1,1,1
OCQABECH,1,1,1,1
NOCMYBRM,1,1,1,1
KUKNYPFE,1,1,1,1
VDWXJOVP,1,1,1,1
ECZDDHUR,1,1,1,1
RJQXCUYC,1,1,1,1
YAHVBITK,1,1,1,1
XXUDSJGI,1,1,1,1
AQKXIYQC,1,1,1,1
ZPABSMKN,1,1,1,1
IADOEKQS,1,1,1,1
IFLZEMLI,1,1,1,1
RDJLNEPI,1,1,1,1
IDQMGTCJ,1,1,1,1
THPXSQJF,1,1,1,1
IATZSVEF,1,1,1,1
BOZQWDNX,1,1,1,1
JCPHGNZE,1,1,1,1
PJCFUYIU,1,1,1,1
LJEOKOMK,1,1,1,1
EGCOSNNF,1,1,1,1
GNJIRLQR,1,1,1,1
FITRKREV,1,1,1,1
KRSIKHQX,1,1,1,1
JQACLSSG,1,1,1,1
KPMJBVIS,1,1,1,1
SVWAHXYR,1,1,1,1
JUINGECB,1,1,1,1
DLIUUZTB,1,1,1,1
SKUSSHIC,1,1,1,1
CYQNJUDC,1,1,1,1
PVHKMHRG,1,1,1,1
PMSYELAM,1,1,1,1
IUJXGSFC,1,1,1,1
JHWZLCIT,1,1,1,1
SHCPTFDV,1,1,1,1
FEBLEHJN,1,1,1,1
LQRRGAXT,1,1,1,1
ANMWSNUI,1,1,1,1
BZFWDMDG,1,1,1,1
IQCQZIST,1,1,1,1
KIHGUEGH,1,1,1,1
EQJAPWQJ,1,1,1,1
LBJYZCBS,1,1,1,1
MTORYQCH,1,1,1,1
MBQHODQU,1,1,1,1
QLAMESAE,1,1,1,1
UYITNPWT,1,1,1,1
EBVXZNMH,1,1,1,1
XFJOCQDI,1,1,1,1
GONBLUAT,1,1,1,1
JDONOMGN,1,1,1,1
RREPORTL,1,1,1,1
UIAYHTQX,1,1,1,1
CGIAWCKB,1,1,1,1
RTFRRVDS,1,1,1,1
VPSYMTTB,1,1,1,1
DYRVRBOV,1,1,1,1
LPRSTAZR,1,1,1,1
DDZLEHSM,1,1,1,1
DNZVVUGA,1,1,1,1
FMWRFJMZ,1,1,1,1
EYXXYWNE,1,1,1,1
AATAEOUN,1,1,1,1
LVTXADAS,1,1,1,1
EAUFZWPV,1,1,1,1
ZUDUZYDQ,1,1,1,1
LGTMMFQW,1,1,1,1
WDOINFKE,1,1,1,1
XQENMHJY,1,1,1,1
NWMFKDEA,1,1,1,1
OUFBLQRX,1,1,1,1
IQJXONFK,1,1,1,1
UCBFTRRA,1,1,1,1
GKXGRBHP,1,1,1,1
IRBVCWPU,1,1,1,1
KDDGXRFS,1,1,1,1
CFZYDOGZ,1,1,1,1
KXBALCHF,1,1,1,1
UOYXCWUE,1,1,1,1
COSVLWPW,1,1,1,1
AXMDXZPH,1,1,1,1
TKXYTOGR,1,1,1,1
JNPDFKSQ,1,1,1,1
AHCGSKNP,1,1,1,1
LZTISYAC,1,1,1,1
WMPLYMJH,1,1,1,1
WXNQFXWW,1,1,1,1
LUCPOLHV,1,1,1,1
BXYFIBIB,1,1,1,1
ATNWLPUG,1,1,1,1
DHLIPKPT,1,1,1,1
CJMBSSHQ,1,1,1,1
AGXENIGZ,1,1,1,1
YDAOJSVR,1,1,1,1
EMOGDANQ,1,1,1,1
OYDKKFKO,1,1,1,1
IHJLRSSW,1,1,1,1
LOZWTCGB,1,1,1,1
TLSDUCZM,1,1,1,1
UIKMJORQ,1,1,1,1
NDFUHXJT,1,1,1,1
SUIPWGZS,1,1,1,1
PYIHOQIA,1,1,1,1
LRRZALIK,1,1,1,1
ZPLHLVLN,1,1,1,1
SAQGRZWL,1,1,1,1
CRGCPASG,1,1,1,1
TAJHKJSF,1,1,1,1
IPYGPGGU,1,1,1,1
LWGRKELY,1,1,1,1
IBGAWLBS,1,1,1,1
SRLGUEZD,1,1,1,1
MDFPVCVJ,1,1,1,1
YAUOBAVN,1,1,1,1
MIIXHEAP,1,1,1,1
YBQACCKW,1,1,1,1
IRCWXAMI,1,1,1,1
BCARRIOJ,1,1,1,1
QNKHHTGZ,1,1,1,1
HGTKKFRC,1,1,1,1
VKDIJNFH,1,1,1,1
WIZJHGHL,1,1,1,1
NJGZXSWM,1,1,1,1
ULXVPHOU,1,1,1,1
DCBXGZFF,1,1,1,1
AKZTQSJU,1,1,1,1
UTAKVFSO,1,1,1,1
TEJKTJNA,1,1,1,1
DQAOLFCY,1,1,1,1
IOUZTVGS,1,1,1,1
RDOULGYG,1,1,1,1
OQMEIRBL,1,1,1,1
VIIKOLVM,1,1,1,1
MTNZBHBZ,1,1,1,1
PBXUFOUW,1,1,1,1
MNRKJNOT,1,1,1,1
NWYEUOZX,1,1,1,1
KDAEDEUN,1,1,1,1
NEWGHNGK,1,1,1,1
HHBSIPUG,1,1,1,1
HVZLTHGI,1,1,1,1
LJXGOVEC,1,1,1,1
DAPBFYML,1,1,1,1
QVCUDZOH,1,1,1,1
MQBXOVYQ,1,1,1,1
SJKRQQRO,1,1,1,1
DKSGWSTO,1,1,1,1
ZCARAPYI,1,1,1,1
OOPDSMUW,1,1,1,1
EMQCWQHB,1,1,1,1
CNXFFVIN,1,1,1,1
AGWUJHWJ,1,1,1,1
GZZHNXGY,1,1,1,1
JXJTQMBM,1,1,1,1
FLNOTEET,1,1,1,1
RLSVBVAF,1,1,1,1
OPIWBXRQ,1,1,1,1
DCOKMCKX,1,1,1,1
JXNHUMFP,1,1,1,1
UIHTRHMD,1,1,1,1
XNPWBROE,1,1,1,1
KRMJPMES,1,1,1,1
EKGIBSFW,1,1,1,1
CTLYHEEC,1,1,1,1
RZJIOBAG,1,1,1,1
OZOWRLSE,1,1,1,1
WBTYGZLM,1,1,1,1
CTPHNRXY,1,1,1,1
EQKKZBZR,1,1,1,1
GFJMHZYA,1,1,1,1
SEMMVNFN,1,1,1,1
WJLRALOU,1,1,1,1
NBXYQTBL,1,1,1,1
TMDWEJAE,1,1,1,1
LGKTWHCR,1,1,1,1
DBUEFPGI,1,1,1,1
UCMFENXO,1,1,1,1
HAKHNXKR,1,1,1,1
NTKNUWJK,1,1,1,1
PXIQWORI,1,1,1,1
IWJLZHZE,1,1,1,1
MNKEGJXD,1,1,1,1
WIGQBLVN,1,1,1,1
CJIJVYSQ,1,1,1,1
BMXNBJOK,1,1,1,1
XLTGLEWG,1,1,1,1
MYQSNHND,1,1,1,1
CGDVNUME,1,1,1,1
QVSCMSAF,1,1,1,1
ENCZUCVC,1,1,1,1
LWKUVOVC,1,1,1,1
WMRBPNMQ,1,1,1,1
VCJOQXWA,1,1,1,1
LUXLQANT,1,1,1,1
APPMMNUT,1,1,1,1
KFLEXOPD,1,1,1,1
VFGLHGXA,1,1,1,1
DUSRILDR,1,1,1,1
JEYYZYXU,1,1,1,1
ENMNYNNZ,1,1,1,1
BLMRWHBI,1,1,1,1
ESVFBTUC,1,1,1,1
LQDDEYGE,1,1,1,1
GZEBYIVH,1,1,1,1
KGQEAUSX,1,1,1,1
LFAGXPNN,1,1,1,1
POVONFMJ,1,1,1,1
BYZRCRZQ,1,1,1,1
LZOEMSNN,1,1,1,1
DUTTTKHC,1,1,1,1
ERAKHTJP,1,1,1,1
DWGXJNZF,1,1,1,1
UWRMVJPY,1,1,1,1
FETAYQYD,1,1,1,1
BCKXLQMB,1,1,1,1
KBFOBOZB,1,1,1,1
MSGBLWQV,1,1,1,1
DTFCAXJX,1,1,1,1
AWPDECRR,1,1,1,1
VCGNSZMC,1,1,1,1
HCPIPGFU,1,1,1,1
XQXWBYDU,1,1,1,1
GVNVWTQO,1,1,1,1
OIZYLBSQ,1,1,1,1
QNCUSAYM,1,1,1,1
QNFNSNYQ,1,1,1,1
RHNRCLYS,1,1,1,1
XIIHTVGY,1,1,1,1
CXCIOZSN,1,1,1,1
ERZSZSYL,1,1,1,1
XJSXTDHI,1,1,1,1
ATJROBIF,1,1,1,1
ULAPCMSN,1,1,1,1
KFBYDLRP,1,1,1,1
HCMDOUML,1,1,1,1
EAKTNKRU,1,1,1,1
IWOCGMUI,1,1,1,1
JFLACAGB,1,1,1,1
QKFWDZAP,1,1,1,1
FRRDZBXV,1,1,1,1
TZFGEZIC,1,1,1,1
CMBDRDJB,1,1,1,1
LFHIDTPE,1,1,1,1
YYAIDCRV,1,1,1,1
KAYJGFJU,1,1,1,1
SUFOOQIH,1,1,1,1
SFFJZZBN,1,1,1,1
LWBTAMVA,1,1,1,1
PHSBWHYD,1,1,1,1
SGNIEDGX,1,1,1,1
QBQVYRKR,1,1,1,1
IWDXPKKP,1,1,1,1
IRJWHQAE,1,1,1,1
NUFRYZHQ,1,1,1,1
TDFHJJSD,1,1,1,1
KFVQAJEL,1,1,1,1
OIFSBMZT,1,1,1,1
ASFJMJCA,1,1,1,1
KJNURVJR,1,1,1,1
WFHWJSFY,1,1,1,1
DTMVATNA,1,1,1,1
TVSWXVVV,1,1,1,1
ANKNMYAA,1,1,1,1
KTKYJHZS,1,1,1,1
YOFZLJEU,1,1,1,1
TJZHYGWP,1,1,1,1
CZUFNTSB,1,1,1,1
MQIPFVNX,1,1,1,1
LJVYCCBJ,1,1,1,1
WEOEIWWC,1,1,1,1
LQUAIIGO,1,1,1,1
AMKVAJHA,1,1,1,1
IZSZRVWO,1,1,1,1
PDBRECDU,1,1,1,1
NYFBKHTZ,1,1,1,1
JCBSPKGW,1,1,1,1
ZCAZQPBR,1,1,1,1
SLROHIIJ,1,1,1,1
XOTUHHXP,1,1,1,1
IZHANKXQ,1,1,1,1
KEDYDQDV,1,1,1,1
PRUOWVRS,1,1,1,1
MHXNEAKU,1,1,1,1
HARETRYC,1,1,1,1
FIEOAWLV,1,1,1,1
BRPJKSFG,1,1,1,1
PIJVVSUB,1,1,1,1
EVPOUDWX,1,1,1,1
TGBKBRVM,1,1,1,1
MSVEOMWQ,1,1,1,1
JCVCMEJO,1,1,1,1
YDTGKWBZ,1,1,1,1
HRHOLRBF,1,1,1,1
ZRWSZSLE,1,1,1,1
WOHRBNAI,1,1,1,1
ZUHNYIEP,1,1,1,1
TFFAINIU,1,1,1,1
JNZNQAFM,1,1,1,1
IDXLOTRP,1,1,1,1
EBIGRAWR,1,1,1,1
YHVZCOJW,1,1,1,1
PNVWQMFF,1,1,1,1
DXZKGXPU,1,1,1,1
BKUAPGUS,1,1,1,1
BPGOYVNU,1,1,1,1
HIOPGXFN,1,1,1,1
DCWCPVKY,1,1,1,1
UXXMKMFJ,1,1,1,1
KOQBVQQZ,1,1,1,1
BFGQQYKR,1,1,1,1
NFITVQDQ,1,1,1,1
IGCOIJTI,1,1,1,1
ERMKJPXM,1,1,1,1
NXYWOXAK,1,1,1,1
WGKHLNOX,1,1,1,1
NRWPPMNO,1,1,1,1
TIAXVWTU,1,1,1,1
NFXSSDTS,1,1,1,1
EEROGBDC,1,1,1,1
SUQWCPZU,1,1,1,1
CRZAMGVI,1,1,1,1
NSXBFICJ,1,1,1,1
DTCQZDHE,1,1,1,1
KJYVLKUB,1,1,1,1
SCBHISUG,1,1,1,1
FYZBDPSD,1,1,1,1
ZKTBEZGO,1,1,1,1
WHOTFLCY,1,1,1,1
SWNAUWGW,1,1,1,1
ORCNAAVN,1,1,1,1
LKJAVRWW,1,1,1,1
KXLRPKLM,1,1,1,1
NMWZJTWE,1,1,1,1
TCCSWZNU,1,1,1,1
AOYMZAHP,1,1,1,1
RVZMFROI,1,1,1,1
ZVIPDPOF,1,1,1,1
BDEOLHJF,1,1,1,1
JPUEEMJG,1,1,1,1
EIVRJBCI,1,1,1,1
GMRNORUL,1,1,1,1
KAGYJSAD,1,1,1,1
OYJKWRAQ,1,1,1,1
VZJUXRGF,1,1,1,1
OXXUILUZ,1,1,1,1
HAOPQBIJ,1,1,1,1
RVZGSJKC,1,1,1,1
LWWMQZSE,1,1,1,1
BRFFXJKU,1,1,1,1
FXGAFXJJ,1,1,1,1
YKGRVKUJ,1,1,1,1
GMFRQUTQ,1,1,1,1
UZGWOQXF,1,1,1,1
KUIXCWPR,1,1,1,1
KHYETLRN,1,1,1,1
RRZDASJL,1,1,1,1
CNAWFFEF,1,1,1,1
LYTOEQPY,1,1,1,1
KPHSYQHX,1,1,1,1
JIYDAHFT,1,1,1,1
CSUSKBLY,1,1,1,1
DPLZHSYW,1,1,1,1
YWROLHLE,1,1,1,1
FMBHNEJD,1,1,1,1
YRITOCTD,1,1,1,1
MASQFECM,1,1,1,1
CZTQXHTN,1,1,1,1
BKLQPNVD,1,1,1,1
AUABVRET,1,1,1,1
MKOLERHZ,1,1,1,1
MZPKVYRW,1,1,1,1
OQIJVMEO,1,1,1,1
TLSGSBLN,1,1,1,1
ULGMZKDO,1,1,1,1
HIJWEIIQ,1,1,1,1
EOUZURNE,1,1,1,1
WJJRTYAW,1,1,1,1
UTDJWKBK,1,1,1,1
HRWJRKLQ,1,1,1,1
GWHLJPQG,1,1,1,1
OGKSGWRH,1,1,1,1
UTXTXXQH,1,1,1,1
VIRUHICJ,1,1,1,1
IDWYQFHR,1,1,1,1
HVZIMEMP,1,1,1,1
CBZEJNPH,1,1,1,1
QLVHZSHQ,1,1,1,1
SCAANNWE,1,1,1,1
EJENUWKJ,1,1,1,1
XPTGLZUF,1,1,1,1
HGFPAXIE,1,1,1,1
ULGGPYPN,1,1,1,1
SQUWNPVQ,1,1,1,1
OUEOICXQ,1,1,1,1
VYYLEZZL,1,1,1,1
GLHHQYED,1,1,1,1
JFTYZVAG,1,1,1,1
KIEVFAYG,1,1,1,1
QTGVMACZ,1,1,1,1
VPUSJLAP,1,1,1,1
XWJYKHUS,1,1,1,1
TQUZZKYG,1,1,1,1
AEDOCLPV,1,1,1,1
IZOCFJHQ,1,1,1,1
AZLZGBVY,1,1,1,1
ZMIHDPLW,1,1,1,1
TDHYHLDJ,1,1,1,1
XLNJRBDF,1,1,1,1
KIZFJXJB,1,1,1,1
PTXUBVYM,1,1,1,1
RCPYMVZN,1,1,1,1
PEEPZBTC,1,1,1,1
JPKUSDSD,1,1,1,1
VALWQQGE,1,1,1,1
YJJWNAUB,1,1,1,1
NDBMCGTD,1,1,1,1
MWNWGPGX,1,1,1,1
CFWMKZWT,1,1,1,1
AFIGCOJX,1,1,1,1
CLEAHWOU,1,1,1,1
UCBCFIXB,1,1,1,1
MJVXXVYV,1,1,1,1
WYPBKKTG,1,1,1,1
VPFDXXJK,1,1,1,1
DFLREGTJ,1,1,1,1
WUKBWXXQ,1,1,1,1
ZUPTNKWY,1,1,1,1
CCJRWXJZ,1,1,1,1
TEJBMRNB,1,1,1,1
DEHPHVEP,1,1,1,1
NCGWQGGB,1,1,1,1
XODPBDAM,1,1,1,1
OSMVJCYM,1,1,1,1
MFEWVKGG,1,1,1,1
GPXAJGBG,1,1,1,1
UADKBBCX,1,1,1,1
RCFWAFWS,1,1,1,1
YDPUKKKU,1,1,1,1
LMCHVCWF,1,1,1,1
JRITFRYN,1,1,1,1
PFOFSTYM,1,1,1,1
IQIYRZXB,1,1,1,1
NQFITZJV,1,1,1,1
VTQHZHCH,1,1,1,1
IOAOUODR,1,1,1,1
CWIYHEKG,1,1,1,1
YDVEXRFS,1,1,1,1
IVHEGNTE,1,1,1,1
VUAWSTCQ,1,1,1,1
PEDOOFHF,1,1,1,1
VFAUKLHI,1,1,1,1
MSGAMQDL,1,1,1,1
XRLVIBAO,1,1,1,1
DYMTJVZQ,1,1,1,1
ILBAUDUH,1,1,1,1
NHELEFHL,1,1,1,1
ZGRYVPTS,1,1,1,1
BIVRKMSA,1,1,1,1
THYGNEBK,1,1,1,1
ETGOEOCD,1,1,1,1
DBQFSVHO,1,1,1,1
IVVBPOEN,1,1,1,1
XWHRAFHD,1,1,1,1
TPGEBPAT,1,1,1,1
CTHGKLOJ,1,1,1,1
YMXYNHUK,1,1,1,1
SGFDWBTP,1,1,1,1
DBLVWNOA,1,1,1,1
CPTCSWNM,1,1,1,1
GNHZXLIO,1,1,1,1
GXFEFALH,1,1,1,1
JFRBADVZ,1,1,1,1
EXALOWRZ,1,1,1,1
UPNBFAHC,1,1,1,1
MQQYFHYV,1,1,1,1
KJQWZORI,1,1,1,1
DUGTKBTA,1,1,1,1
FXGOEDHK,1,1,1,1
WOWCMRFS,1,1,1,1
LXCCMWVB,1,1,1,1
XPWMVDMU,1,1,1,1
TPLKZCSM,1,1,1,1
FRNKQDYW,1,1,1,1
DVYGFQRR,1,1,1,1
DEOPWAYF,1,1,1,1
QOTJTDEF,1,1,1,1
VKSGLGLH,1,1,1,1
LMKFBYPE,1,1,1,1
UREAEFFD,1,1,1,1
VYJFZBNL,1,1,1,1
OPZRVJNK,1,1,1,1
OFXEIKJK,1,1,1,1
OCTKEJIP,1,1,1,1
CQQDRDAW,1,1,1,1
PNWLJQRG,1,1,1,1
TUVBHHLV,1,1,1,1
CHCZHLRF,1,1,1,1
BNKKVJHS,1,1,1,1
YHLNZGNX,1,1,1,1
CUKOJCPK,1,1,1,1
SCQPLSPP,1,1,1,1
JEXATXSD,1,1,1,1
JCUXSSUK,1,1,1,1
BOVPNJTV,1,1,1,1
UYMAPGCF,1,1,1,1
HRSKJWIV,1,1,1,1
XAJMAKOS,1,1,1,1
QZGFXQWG,1,1,1,1
EBVJTLHC,1,1,1,1
ALPLMNKP,1,1,1,1
TYBTEIHA,1,1,1,1
CXCJEGWK,1,1,1,1
BXRXSRIC,1,1,1,1
KCGGFCGH,1,1,1,1
EAENZUXI,1,1,1,1
JJZJZMCT,1,1,1,1
PMCHIFGN,1,1,1,1
SIYAIVAT,1,1,1,1
MGQOHGRE,1,1,1,1
GWRHGCWX,1,1,1,1
DDFLRGAY,1,1,1,1
WYCOTLFC,1,1,1,1
UBDQZWFY,1,1,1,1
LQTVXSIL,1,1,1,1
JLPJNKLJ,1,1,1,1
YQUTCFDP,1,1,1,1
CFNDBLHF,1,1,1,1
DFPCETOW,1,1,1,1
MOLMACNL,1,1,1,1
JHXKYCOI,1,1,1,1
GEUQJCXA,1,1,1,1
JNHYRDBT,1,1,1,1
PIXIPXDA,1,1,1,1
JNLODMQP,1,1,1,1
PCDJAQHL,1,1,1,1
SENWGUCX,1,1,1,1
DHMTEOHS,1,1,1,1
PRNFSZJK,1,1,1,1
AXDFBSOM,1,1,1,1
AOLLGVEC,1,1,1,1
UCLXCTOD,1,1,1,1
AFHWTVCN,1,1,1,1
TYQYSDWX,1,1,1,1
TQQMFQED,1,1,1,1
XZDNLGRD,1,1,1,1
ARREBAHM,1,1,1,1
SEKCOYLX,1,1,1,1
DKNAAKWU,1,1,1,1
QGLODGMS,1,1,1,1
BLBAHSIN,1,1,1,1
VMBCIAMY,1,1,1,1
OGWNQFIE,1,1,1,1
RQAQPKAY,1,1,1,1
ZJENIJUE,1,1,1,1
VYDTLUXT,1,1,1,1
FXZMIKET,1,1,1,1
DYORFAEG,1,1,1,1
VCOCUXRF,1,1,1,1
ACQSZXBT,1,1,1,1
YOCLXKNT,1,1,1,1
IKTSTNFZ,1,1,1,1
GXPZRAVI,1,1,1,1
EQIDBJSM,1,1,1,1
WNDBNSHU,1,1,1,1
VIQGPZOX,1,1,1,1
XADTYRBK,1,1,1,1
QVSKWDZA,1,1,1,1
WUGQPJTW,1,1,1,1
GIIBTNGD,1,1,1,1
UYFJTMUL,1,1,1,1
UZEAGMSN,1,1,1,1
DGVQKSZF,1,1,1,1
BUVONBDW,1,1,1,1
ESPPRRNZ,1,1,1,1
UCVQSGCA,1,1,1,1
PQXSOZFA,1,1,1,1
MRXKRVQW,1,1,1,1
CJQOTLAQ,1,1,1,1
TNBEFOIF,1,1,1,1
TWLYMRNK,1,1,1,1
XIUDBLUF,1,1,1,1
VTWBTFJR,1,1,1,1
WCFMYLSN,1,1,1,1
WZMXEAKH,1,1,1,1
HHOQZUPQ,1,1,1,1
SCGSKLZF,1,1,1,1
EENMJWJF,1,1,1,1
NSJOBHLN,1,1,1,1
KPDOXELF,1,1,1,1
WXMZSXES,1,1,1,1
HODXPEWL,1,1,1,1
RDWPNXQQ,1,1,1,1
EAKMUKKM,1,1,1,1
CCTXGGYU,1,1,1,1
WGLQFXVC,1,1,1,1
OPTVHPAC,1,1,1,1
PFPPPHUV,1,1,1,1
KUEBZUCZ,1,1,1,1
BHBFAABD,1,1,1,1
WFCMKJTT,1,1,1,1
VYCROKTK,1,1,1,1
KFJXIJRB,1,1,1,1
NMQFMEAH,1,1,1,1
OSUFHOBG,1,1,1,1
ICJHJTZJ,1,1,1,1
CFVFPOZV,1,1,1,1
MVACFWBQ,1,1,1,1
AHORZTYU,1,1,1,1
AVLGCWKB,1,1,1,1
BVLMUWVJ,1,1,1,1
VDEJFSHQ,1,1,1,1
NWIAARAA,1,1,1,1
PVDUIJSC,1,1,1,1
VJDPCTQM,1,1,1,1
ZENDNSVN,1,1,1,1
VCOXXLKW,1,1,1,1
RQSZTKRK,1,1,1,1
QWUABILI,1,1,1,1
WNATJTPM,1,1,1,1
TGRZIRAM,1,1,1,1
ZEPQBAJD,1,1,1,1
WNLXVXWO,1,1,1,1
KPUCHKCE,1,1,1,1
ELNGDAEY,1,1,1,1
ARUKOEOT,1,1,1,1
IUSGKIYS,1,1,1,1
GZSSXAQG,1,1,1,1
JXKHLLTF,1,1,1,1
OJBIZBTZ,1,1,1,1
JATSKKNL,1,1,1,1
TDXGGUVL,1,1,1,1
TYBEOSSA,1,1,1,1
HVKCBLLC,1,1,1,1
VXUPYAEU,1,1,1,1
FEYSDDAK,1,1,1,1
KHCXVZPI,1,1,1,1
AWOMDWFD,1,1,1,1
FLFNZRGB,1,1,1,1
FDRPOQEM,1,1,1,1
FFWNKZDU,1,1,1,1
MSCWFXTZ,1,1,1,1
ZKLZKTSW,1,1,1,1
BYWOEKGR,1,1,1,1
HWTPWPQD,1,1,1,1
DVXLAQDB,1,1,1,1
UGLPWABJ,1,1,1,1
SBIHMRSW,1,1,1,1
DFNUBRKW,1,1,1,1
HYUQPJGN,1,1,1,1
FFNXZTSE,1,1,1,1
JBAICNPB,1,1,1,1
WWRPAQSP,1,1,1,1
NSGHZKXE,1,1,1,1
XBZKKPNY,1,1,1,1
CORAIXMP,1,1,1,1
YPEQBTDU,1,1,1,1
FEBOPBRW,1,1,1,1
WLLSUVDD,1,1,1,1
WXXXRREZ,1,1,1,1
YVCUQMGV,1,1,1,1
JIYMZNXH,1,1,1,1
UKVOXXCU,1,1,1,1
OKDNPKXJ,1,1,1,1
AXUFNVKG,1,1,1,1
DBXAAHIG,1,1,1,1
FRPJJGZL,1,1,1,1
OFRXJMUH,1,1,1,1
SDMFIKZN,1,1,1,1
DVNFRKMA,1,1,1,1
TESDQTTB,1,1,1,1
QOJIDMSC,1,1,1,1
ZFUQBAOH,1,1,1,1
VELZFIPO,1,1,1,1
QPTPLTTS,1,1,1,1
WFAMZDCM,1,1,1,1
AMSRUIZM,1,1,1,1
SGDGXYAE,1,1,1,1
ZHSPQTHE,1,1,1,1
YAUSPZSL,1,1,1,1
ZVSAKEXD,1,1,1,1
AEWNNWMR,1,1,1,1
ZDHBAFOF,1,1,1,1
OOSMLFCN,1,1,1,1
GCTHBBXM,1,1,1,1
HQCGCJMZ,1,1,1,1
CYMJSLYY,1,1,1,1
IFZHWOOW,1,1,1,1
RLHFSRJQ,1,1,1,1
PXYVIKFM,1,1,1,1
INUKUSSQ,1,1,1,1
TLBCHMBC,1,1,1,1
KLHAPRMT,1,1,1,1
MNAXOFFS,1,1,1,1
DLTXDKVO,1,1,1,1
IFPUHSEN,1,1,1,1
UPKILNRP,1,1,1,1
AUUFLCHN,1,1,1,1
OJIOYTWE,1,1,1,1
NHJCXGBE,1,1,1,1
QMQUNLYV,1,1,1,1
GKUFESTR,1,1,1,1
KJMXIXIO,1,1,1,1
WZQULHRG,1,1,1,1
CWNWYLFC,1,1,1,1
PXVWBWBN,1,1,1,1
WTKFMALS,1,1,1,1
BJSTSPQQ,1,1,1,1
AMJFEECL,1,1,1,1
BTFAHLFO,1,1,1,1
VPBJPLMA,1,1,1,1
RDRBVTNB,1,1,1,1
FZUZMOGT,1,1,1,1
ZFOFJEBU,1,1,1,1
IHWMWYLQ,1,1,1,1
LEJOSHRU,1,1,1,1
GIKRVDOB,1,1,1,1
NSXJPRWS,1,1,1,1
SKKODBSW,1,1,1,1
ZECRAUTN,1,1,1,1
TEHVOUIW,1,1,1,1
QZBLSSMK,1,1,1,1
AFWJXISX,1,1,1,1
TAJHJZXO,1,1,1,1
MWGXLQET,1,1,1,1
YXWBEECK,1,1,1,1
MAFSTHQK,1,1,1,1
ZNQBWYQN,1,1,1,1
XSSGFMEL,1,1,1,1
FOMZBJTO,1,1,1,1
EVEFPXMR,1,1,1,1
PVSIQQWM,1,1,1,1
QYDMICJR,1,1,1,1
NPZLZHFR,1,1,1,1
QFZERVAV,1,1,1,1
ARJZNLFY,1,1,1,1
JUXDVKUY,1,1,1,1
YNHEIULH,1,1,1,1
OQEIMHNS,1,1,1,1
MOCUSGDI,1,1,1,1
KFDXUXRB,1,1,1,1
OVMAXVJZ,1,1,1,1
LWNYVKHU,1,1,1,1
KHDQQGHT,1,1,1,1
RUDVIHXD,1,1,1,1
VTCZTBMR,1,1,1,1
NIFCUGIZ,1,1,1,1
ERKCXNJZ,1,1,1,1
VDRHYWPC,1,1,1,1
RNMCKNMG,1,1,1,1
JWFRVKLV,1,1,1,1
LSOAEITH,1,1,1,1
OFDNHIBX,1,1,1,1
JBEUHNPT,1,1,1,1
GKCBKDSE,1,1,1,1
KTEGGMHP,1,1,1,1
WBVVFRUJ,1,1,1,1
KORXJMZV,1,1,1,1
SFVQPNPN,1,1,1,1
CFWSABYN,1,1,1,1
OYPHWMZF,1,1,1,1
IBCEJGRO,1,1,1,1
UQPTMZNO,1,1,1,1
BZUMKIGD,1,1,1,1
WGZZEWQN,1,1,1,1
CWEYGREL,1,1,1,1
LXDCEGDA,1,1,1,1
NGUMSTNF,1,1,1,1
TXIZUQGX,1,1,1,1
VMNFALID,1,1,1,1
NCOFHXSH,1,1,1,1
PIZNWPUZ,1,1,1,1
IAOPCZAX,1,1,1,1
FHIJJLUK,1,1,1,1
NLTIBTTA,1,1,1,1
XDANHIUE,1,1,1,1
EYRFDSSG,1,1,1,1
SDAIIYOS,1,1,1,1
PMAWUZKF,1,1,1,1
FHFKBAYW,1,1,1,1
RQHQEEUE,1,1,1,1
EPWLROQI,1,1,1,1
TOVZYBQP,1,1,1,1
RWNJNZTM,1,1,1,1
SYRLULXD,1,1,1,1
PDWKAYLD,1,1,1,1
HIJPDWNO,1,1,1,1
IZKRNHTH,1,1,1,1
DDXRQVRZ,1,1,1,1
VMSSVVMW,1,1,1,1
IYTTVWJK,1,1,1,1
RZAMJKKN,1,1,1,1
TSGULCYR,1,1,1,1
HLQQKBCP,1,1,1,1
AOYTLQUW,1,1,1,1
RTUGDFTI,1,1,1,1
WTJEQTLQ,1,1,1,1
YQXLDRHL,1,1,1,1
VNUPTFAV,1,1,1,1
WTWKNSYX,1,1,1,1
FKVWZZZR,1,1,1,1
BBLOWYSD,1,1,1,1
HJICUUOX,1,1,1,1
YHLSDFPE,1,1,1,1
ASZKZUDK,1,1,1,1
IWCVPTNR,1,1,1,1
TQJNVJQB,1,1,1,1
BKBKYWBF,1,1,1,1
SANKXROE,1,1,1,1
JFZMPACU,1,1,1,1
LIZAYXQI,1,1,1,1
TJZPUGXH,1,1,1,1
JZFJKOLP,1,1,1,1
IRHLACCS,1,1,1,1
QOONRCVY,1,1,1,1
NNJFETEU,1,1,1,1
EKCWTEWL,1,1,1,1
CJLGIZIE,1,1,1,1
LVLEPPMX,1,1,1,1
BBCGTVWV,1,1,1,1
ZRKATJEP,1,1,1,1
EDHUDNXY,1,1,1,1
AQBSPCWJ,1,1,1,1
ZESXZWWH,1,1,1,1
ZZCVYETP,1,1,1,1
WYBTGLWA,1,1,1,1
KTSNVVNT,1,1,1,1
ZMAMBKEQ,1,1,1,1
MDAQIBBP,1,1,1,1
DGUGVAJW,1,1,1,1
AXEAOFFH,1,1,1,1
IVOCIEUR,1,1,1,1
EEMGXYFI,1,1,1,1
LMTWTONC,1,1,1,1
AMMJITFF,1,1,1,1
ZHBOXVAI,1,1,1,1
OTCSFCOH,1,1,1,1
HRCAQEDO,1,1,1,1
FGJMWYFV,1,1,1,1
AGEKPGDI,1,1,1,1
SGTSEOHP,1,1,1,1
XWQRQPHH,1,1,1,1
CKIPHKRS,1,1,1,1
SFLRJTKO,1,1,1,1
FGDJSDBH,1,1,1,1
XGAVCELU,1,1,1,1
ANZMYPCM,1,1,1,1
AQBRNGPJ,1,1,1,1
NBOVSLRG,1,1,1,1
MYCHEDDP,1,1,1,1
UOXNNAIZ,1,1,1,1
ZQMLWQAE,1,1,1,1
YKZUJNED,1,1,1,1
SFIGCOWV,1,1,1,1
UEFUQFLF,1,1,1,1
YJRBEMTO,1,1,1,1
HGEURWKG,1,1,1,1
KRUWYHFM,1,1,1,1
AWQEZOKZ,1,1,1,1
RVJFFOGO,1,1,1,1
LOOEAIHU,1,1,1,1
UNPKWRWB,1,1,1,1
RRSTEVVC,1,1,1,1
GXPMHPWT,1,1,1,1
SVTYIFKH,1,1,1,1
BKYMNKDZ,1,1,1,1
ZIOUASJZ,1,1,1,1
MOJXLWTQ,1,1,1,1
IMXVKUWY,1,1,1,1
ENSLEWSW,1,1,1,1
DRPDNRLZ,1,1,1,1
UATNLTII,1,1,1,1
LDCALGOH,1,1,1,1
ZKZYCOSD,1,1,1,1
VYJIXUVA,1,1,1,1
BFEGHSOS,1,1,1,1
MCGMDQGX,1,1,1,1
CCTKQFBZ,1,1,1,1
GADUPJRS,1,1,1,1
BTNMRTJE,1,1,1,1
PEAFJMKH,1,1,1,1
WIOWPUNL,1,1,1,1
JTVAQTDN,1,1,1,1
VFXKPEYF,1,1,1,1
GLYLWWYM,1,1,1,1
PCDDWFCS,1,1,1,1
DOWUWROT,1,1,1,1
TCMTNRQU,1,1,1,1
YGAWDVXH,1,1,1,1
HYTEGWJO,1,1,1,1
NTNARDGI,1,1,1,1
WZTHYCJB,1,1,1,1
SLJJYNKE,1,1,1,1
ARZSLPRP,1,1,1,1
AFAOAERD,1,1,1,1
HWKLMAAQ,1,1,1,1
ZYRTHJVH,1,1,1,1
YVCSEIAY,1,1,1,1
ZOTVALBP,1,1,1,1
DNUFUWUM,1,1,1,1
JNWUHPXP,1,1,1,1
IFOOQWCL,1,1,1,1
OFGZQBVG,1,1,1,1
VOTIMEUR,1,1,1,1
LMVGMOFW,1,1,1,1
PBEXMTUQ,1,1,1,1
LNFOKVSK,1,1,1,1
UBYKPGOB,1,1,1,1
GLLFJXQM,1,1,1,1
UIAGZSXM,1,1,1,1
NRGPJMVN,1,1,1,1
UJUUUFKH,1,1,1,1
CNTGMLNU,1,1,1,1
CCVZYGCJ,1,1,1,1
KQWLHVLR,1,1,1,1
EEYECRBF,1,1,1,1
WFQZJTQU,1,1,1,1
DTZJOPUB,1,1,1,1
GXURYWKZ,1,1,1,1
JNYVLJSU,1,1,1,1
QNEQMLDS,1,1,1,1
PELTUMYM,1,1,1,1
IDKSLTDP,1,1,1,1
BCMGXPDK,1,1,1,1
EXHQSAYT,1,1,1,1
XROMLGIF,1,1,1,1
QWHCUXSM,1,1,1,1
JCYHYUNZ,1,1,1,1
VKYXIAVH,1,1,1,1
BKVFEVIG,1,1,1,1
CGBRPOAP,1,1,1,1
JDKFYDXB,1,1,1,1
EAJSTVNV,1,1,1,1
QZWHOPKH,1,1,1,1
RHEYFWFA,1,1,1,1
UMSMJGAH,1,1,1,1
NOOGIAFF,1,1,1,1
LAHSXSRV,1,1,1,1
STSHXQJA,1,1,1,1
PJCBRYPF,1,1,1,1
OPWIRGZM,1,1,1,1
FJUHTDVZ,1,1,1,1
DAODVZUR,1,1,1,1
AOZAIIQD,1,1,1,1
FNLGZDYO,1,1,1,1
JRHOPJLG,1,1,1,1
TQPCSVWE,1,1,1,1
AUSUVRSW,1,1,1,1
KBBCWBEV,1,1,1,1
ZTUEAFUH,1,1,1,1
ZOPBESRD,1,1,1,1
PWCDIZHJ,1,1,1,1
FTOTDAVY,1,1,1,1
JPIJSZLJ,1,1,1,1
AWAMILBN,1,1,1,1
EHZEYNEZ,1,1,1,1
BMZGBNPE,1,1,1,1
IBYPZWEH,1,1,1,1
EAQOSVJR,1,1,1,1
EPQSVJNQ,1,1,1,1
LBXYKFNS,1,1,1,1
ERKNJCIG,1,1,1,1
YHXJVILH,1,1,1,1
SWAWCIFB,1,1,1,1
BJHDYHIQ,1,1,1,1
NWXIRSMQ,1,1,1,1
MQTHJWFL,1,1,1,1
ZYKMDIWI,1,1,1,1
OOEZMOYV,1,1,1,1
LQUWRPUS,1,1,1,1
WBHLCOAR,1,1,1,1
SCEODJZA,1,1,1,1
BAXADTKV,1,1,1,1
PARXRIMB,1,1,1,1
SBYPPZSB,1,1,1,1
EVZBIQTL,1,1,1,1
URESZVHD,1,1,1,1
YIAXANJE,1,1,1,1
HSEQQVBO,1,1,1,1
FPLLUEEM,1,1,1,1
QNXPROSL,1,1,1,1
XHUSDHEA,1,1,1,1
SRUAXSJT,1,1,1,1
SNTNAEDE,1,1,1,1
SZIQLHZH,1,1,1,1
NSOWSOTK,1,1,1,1
YDZYFTFJ,1,1,1,1
CNTWOUKU,1,1,1,1
HEWFPJRE,1,1,1,1
KEAENJCC,1,1,1,1
ZRADRZEL,1,1,1,1
KLDNBTTW,1,1,1,1
KIKARECB,1,1,1,1
WYPQNEOM,1,1,1,1
HSSSLLHT,1,1,1,1
BEKMFYGO,1,1,1,1
ZBHMSECA,1,1,1,1
ZMISJMAD,1,1,1,1
QCJGGZWH,1,1,1,1
KQLISSOD,1,1,1,1
KMJZHNRX,1,1,1,1
YJHQUTWA,1,1,1,1
SLGLWIVC,1,1,1,1
CAYEXPIG,1,1,1,1
YPWVKICE,1,1,1,1
PMVZMTPK,1,1,1,1
PTYDAULG,1,1,1,1
SRXNLCET,1,1,1,1
VBNXVELN,1,1,1,1
SFUSKZBY,1,1,1,1
FZDRBKTG,1,1,1,1
HGWFKSLR,1,1,1,1
VHNXITIQ,1,1,1,1
PZDZXCEW,1,1,1,1
AJGQFQAI,1,1,1,1
LBZRUMVC,1,1,1,1
DLWWZOQX,1,1,1,1
DTVQGKEW,1,1,1,1
APCYERZK,1,1,1,1
EPLYGFIF,1,1,1,1
YRXIVXAW,1,1,1,1
RKTMTEDV,1,1,1,1
HBQLJTEY,1,1,1,1
MRPUBCSX,1,1,1,1
WNKRHYPP,1,1,1,1
EMPEBGNH,1,1,1,1
ALIABOAB,1,1,1,1
FIONXFOI,1,1,1,1
WGQBJQMD,1,1,1,1
SMODRZUW,1,1,1,1
NPFESOSU,1,1,1,1
DYXCUSNV,1,1,1,1
JQCIIYBR,1,1,1,1
KELTXNAW,1,1,1,1
TIXCTBET,1,1,1,1
EFNXEYON,1,1,1,1
DYCRDXXK,1,1,1,1
ZTIFFQAR,1,1,1,1
HMSVACIX,1,1,1,1
HRGQIQYT,1,1,1,1
QMTEDMYB,1,1,1,1
QAPASDQR,1,1,1,1
AYNFZWBL,1,1,1,1
IOKKMCOQ,1,1,1,1
FCEJJJIW,1,1,1,1
NFCLFVAG,1,1,1,1
NFEPGZQP,1,1,1,1
ZHVZGJOS,1,1,1,1
EMCAHRPN,1,1,1,1
DNFDEDZM,1,1,1,1
JPSTDIAD,1,1,1,1
QOMPVOWZ,1,1,1,1
IOFYYTCB,1,1,1,1
EIKFDCSQ,1,1,1,1
KKRSCXVG,1,1,1,1
XHMYEAVG,1,1,1,1
QZNMKNYN,1,1,1,1
QUHMKLLB,1,1,1,1
NLBGDBFE,1,1,1,1
RMQYUOQP,1,1,1,1
WBAKDDDT,1,1,1,1
KFTWPEPE,1,1,1,1
VMYKDJPG,1,1,1,1
FFLLLNDD,1,1,1,1
FXZTRZJZ,1,1,1,1
KVBFTLHC,1,1,1,1
HRRSMMAG,1,1,1,1
ESRHHDWQ,1,1,1,1
IVYJCHRS,1,1,1,1
JEUZVGKD,1,1,1,1
CZLVGPSJ,1,1,1,1
AZZDTNJB,1,1,1,1
OWNBOAZX,1,1,1,1
XYLUQGVT,1,1,1,1
RQLBAZAY,1,1,1,1
LUNYOJVA,1,1,1,1
IQWJVSEJ,1,1,1,1
QKQUBRRI,1,1,1,1
AWFJNNFX,1,1,1,1
TMRYYLNP,1,1,1,1
PXEPBXRF,1,1,1,1
JNQBQNOT,1,1,1,1
ZNRLQRXN,1,1,1,1
TRPHZOMD,1,1,1,1
ZAEKSMLJ,1,1,1,1
SSVTUDDO,1,1,1,1
RUZTTXAS,1,1,1,1
WKWNBGEJ,1,1,1,1
SZMUBADD,1,1,1,1
HBEPEZCT,1,1,1,1
KARFWKJJ,1,1,1,1
UBQUZUXZ,1,1,1,1
LJGOAHBR,1,1,1,1
TBXGPVMX,1,1,1,1
QKSHQVFI,1,1,1,1
JEIHKFTQ,1,1,1,1
LOBFGNDV,1,1,1,1
MKBURFFM,1,1,1,1
IIJSHMKY,1,1,1,1
XCZVFMZZ,1,1,1,1
ZGNWEOAW,1,1,1,1
ZGKSBAIR,1,1,1,1
LXFQUNAU,1,1,1,1
WSIWVTPD,1,1,1,1
PPHGEVVU,1,1,1,1
HYHNRRWT,1,1,1,1
GMGHXCOV,1,1,1,1
RFFUDHBE,1,1,1,1
BGAQSQDC,1,1,1,1
QARMUKIK,1,1,1,1
TLBSXPLL,1,1,1,1
LLDFLHYS,1,1,1,1
ZWRXCLFC,1,1,1,1
VGFIMIDW,1,1,1,1
FRKXHVAM,1,1,1,1
RBWWXWDU,1,1,1,1
YBCBIGAY,1,1,1,1
MSYWHEDD,1,1,1,1
AKPHJXTG,1,1,1,1
NBTJFSCL,1,1,1,1
GFCWDMKL,1,1,1,1
SEFNBNTV,1,1,1,1
ZXZIKUVF,1,1,1,1
BBQRHDRF,1,1,1,1
TQEGZARS,1,1,1,1
HAQMBXOZ,1,1,1,1
CCXNKIIB,1,1,1,1
ZCFJUKAK,1,1,1,1
SDULLENL,1,1,1,1
LWFRUPNK,1,1,1,1
SUGVVNPX,1,1,1,1
IUTLIOEN,1,1,1,1
SDKMCFXU,1,1,1,1
LTTTRKDA,1,1,1,1
XJSGDLUD,1,1,1,1
QYUNFAVT,1,1,1,1
EBGKHBNX,1,1,1,1
GBRHPXID,1,1,1,1
UOADVVPY,1,1,1,1
TQTLJTLJ,1,1,1,1
XOIABSMT,1,1,1,1
EXRSSEWI,1,1,1,1
LUWZREGY,1,1,1,1
CCXNXIIA,1,1,1,1
EPAULLCY,1,1,1,1
CKLZOTFB,1,1,1,1
OQVUCCIV,1,1,1,1
CVKXDLPM,1,1,1,1
YLQSPCGX,1,1,1,1
CAOVLTJH,1,1,1,1
AWCVHMIA,1,1,1,1
HZMDREDM,1,1,1,1
HGKERKTA,1,1,1,1
BXTRWMKR,1,1,1,1
GFYYCHZN,1,1,1,1
CMMVBVRJ,1,1,1,1
TYOHMYWP,1,1,1,1
PZZZDPMZ,1,1,1,1
NWFZXVLG,1,1,1,1
CTKHLXVW,1,1,1,1
XZRDPOPY,1,1,1,1
WRQWUWFA,1,1,1,1
ADPUKYKF,1,1,1,1
LZBUIHCD,1,1,1,1
JOZSXFCM,1,1,1,1
JPCEYSWX,1,1,1,1
HHMYTRKV,1,1,1,1
QUOPKYFD,1,1,1,1
UUOPRSAM,1,1,1,1
CLWGABKI,1,1,1,1
GENHJEGL,1,1,1,1
QJSNRWVQ,1,1,1,1
BPSBWQVC,1,1,1,1
NPGLZYCX,1,1,1,1
MSTGTCOW,1,1,1,1
FKTWAORN,1,1,1,1
BAHYOKZT,1,1,1,1
YGBYSFZV,1,1,1,1
USUBVWEX,1,1,1,1
WUSFAPHX,1,1,1,1
HDHVLJJE,1,1,1,1
STWOAHXA,1,1,1,1
NKAHDDLD,1,1,1,1
PGLWGLJE,1,1,1,1
BHXQZAVV,1,1,1,1
QGNAMABU,1,1,1,1
FMSERJXI,1,1,1,1
CWHRRMXA,1,1,1,1
XQSUOHYZ,1,1,1,1
CFNOHFAH,1,1,1,1
CKGUKHKM,1,1,1,1
YOTBGKWC,1,1,1,1
SHMZTEHY,1,1,1,1
YZMIVKDA,1,1,1,1
MDKJZQKT,1,1,1,1
EOCPUYVC,1,1,1,1
HEAWPUXS,1,1,1,1
GRAWDKHC,1,1,1,1
DTIQWSYQ,1,1,1,1
YOSBYZWS,1,1,1,1
DALAETUH,1,1,1,1
UJZIXJVU,1,1,1,1
RIHYMXKM,1,1,1,1
NSSOUPJA,1,1,1,1
RKJIHUSI,1,1,1,1
UYLSSUZU,1,1,1,1
AWRTSSYF,1,1,1,1
OCAWETPS,1,1,1,1
NKUOVRSK,1,1,1,1
TWTSFEJN,1,1,1,1
JQTAGOGI,1,1,1,1
MUQXPFEI,1,1,1,1
PCTIRWJG,1,1,1,1
QHDAACRR,1,1,1,1
BBZTMXZK,1,1,1,1
ALESJFLK,1,1,1,1
WOXBARRX,1,1,1,1
ALSYDPUB,1,1,1,1
DEHKGHHW,1,1,1,1
MAVSTTLF,1,1,1,1
USONZZRF,1,1,1,1
JMECNOSX,1,1,1,1
FHZIUTTA,1,1,1,1
DSTGZPLQ,1,1,1,1
KCOIPDPV,1,1,1,1
DXCOLYGN,1,1,1,1
AGCTUCDS,1,1,1,1
MOKSCVWV,1,1,1,1
ADIGTYKA,1,1,1,1
OQFQJNCD,1,1,1,1
UVBWRVEA,1,1,1,1
KNSDLQVH,1,1,1,1
BNKGDHWA,1,1,1,1
XAKCEBDN,1,1,1,1
XNDQJZOA,1,1,1,1
SKGCJGYN,1,1,1,1
STSAEPAA,1,1,1,1
ROSBFSNR,1,1,1,1
HSUBOTCI,1,1,1,1
QWXJPFWJ,1,1,1,1
WBAPWTKO,1,1,1,1
OIOFQWXX,1,1,1,1
PAVCIPAV,1,1,1,1
FSGUOQVU,1,1,1,1
LHUDJTIR,1,1,1,1
IPVSCUBE,1,1,1,1
ICUOOBCF,1,1,1,1
DWQHHRFK,1,1,1,1
EWTPJFSP,1,1,1,1
BDPIFKJO,1,1,1,1
NDNIHLFQ,1,1,1,1
TULEEUGG,1,1,1,1
YRICWLAZ,1,1,1,1
RFNBPCDM,1,1,1,1
FIBZSWSX,1,1,1,1
ROPXQMDV,1,1,1,1
XHTCCLKA,1,1,1,1
EZDKDURE,1,1,1,1
ANKSDLMW,1,1,1,1
DJVESFMS,1,1,1,1
QLVGAHHL,1,1,1,1
PYYCFERJ,1,1,1,1
SKJYLQNW,1,1,1,1
VNOJFAIH,1,1,1,1
SRMTYUSZ,1,1,1,1
BGMPPCUZ,1,1,1,1
PCWSGTXU,1,1,1,1
YAQBHRNV,1,1,1,1
TKYYZZNP,1,1,1,1
NFGBFZXU,1,1,1,1
HDBNMOUM,1,1,1,1
SECNANDQ,1,1,1,1
HPTUQKPR,1,1,1,1
JTQXWYHI,1,1,1,1
AUTIICWG,1,1,1,1
FZKBAPLB,1,1,1,1
GJMKSXAB,1,1,1,1
UAWPDWKE,1,1,1,1
DMWDANMZ,1,1,1,1
JIFVMOUJ,1,1,1,1
JYWRVSJD,1,1,1,1
ZRIMAMFN,1,1,1,1
SHNUXZRM,1,1,1,1
HFIZKPMM,1,1,1,1
XSTPPJYJ,1,1,1,1
BOHIWGHN,1,1,1,1
RNFLNPWJ,1,1,1,1
TTTCLGCL,1,1,1,1
DIWWGACQ,1,1,1,1
SPSXZMMS,1,1,1,1
MVCJTHRF,1,1,1,1
TLYZSFQL,1,1,1,1
DHRXXCNP,1,1,1,1
HFHWZGIX,1,1,1,1
VDZUVVQR,1,1,1,1
DRZHRFRN,1,1,1,1
TBNRDFRU,1,1,1,1
OJRGGBNH,1,1,1,1
AOZOAIMS,1,1,1,1
MTDCMFDJ,1,1,1,1
ZUPNMHSW,1,1,1,1
RKOYQMMA,1,1,1,1
ZVGHBGZV,1,1,1,1
UMBQSPCY,1,1,1,1
WGKWLPLC,1,1,1,1
OGMYLLPU,1,1,1,1
CAPNAKWP,1,1,1,1
AQIBMCCK,1,1,1,1
OJOXJGPP,1,1,1,1
JKZAVGMH,1,1,1,1
XJITVAGC,1,1,1,1
SHIHXEFK,1,1,1,1
GAOHWUEH,1,1,1,1
OFVZKHYO,1,1,1,1
TMEEDEQE,1,1,1,1
LIBMNHLX,1,1,1,1
BNUAFCQU,1,1,1,1
HEACDKAG,1,1,1,1
IUBPTWMO,1,1,1,1
HZUONCRH,1,1,1,1
FMAUIJQP,1,1,1,1
FUYVSYFQ,1,1,1,1
LLUEEVKF,1,1,1,1
CBDKKRAF,1,1,1,1
DRYHOZDN,1,1,1,1
EKKAZOZK,1,1,1,1
OQEOQAXK,1,1,1,1
CDARRKZV,1,1,1,1
OAZXCCOH,1,1,1,1
UETTYKGD,1,1,1,1
ZFCSJVXD,1,1,1,1
AHVVYAJX,1,1,1,1
FGTPJTDF,1,1,1,1
KWHGEGAA,1,1,1,1
PBKIDDMJ,1,1,1,1
MGCYVPFW,1,1,1,1
FNAFRKLI,1,1,1,1
BLAPOHVT,1,1,1,1
QKAZARHR,1,1,1,1
DJEYOQPP,1,1,1,1
NHJIXVKT,1,1,1,1
YUPHQTYL,1,1,1,1
UPLUGPLO,1,1,1,1
HCVPWYLQ,1,1,1,1
POGOWTUS,1,1,1,1
UTAEVHYR,1,1,1,1
VYMIBFYN,1,1,1,1
RLZGJZLC,1,1,1,1
JTDFRXSZ,1,1,1,1
QNGNLWTY,1,1,1,1
OQZMEKMM,1,1,1,1
FUJGSBCT,1,1,1,1
TFZVTRCU,1,1,1,1
VLHFDUOY,1,1,1,1
QXFRBEXR,1,1,1,1
HYJYJDSE,1,1,1,1
IJICLPGW,1,1,1,1
OVJKNFZO,1,1,1,1
TTWPJNQA,1,1,1,1
QIUJTQBQ,1,1,1,1
MOUBNMLN,1,1,1,1
GKQKIDQR,1,1,1,1
DRDQFUZB,1,1,1,1
TFWWFSIZ,1,1,1,1
PPJCEUCA,1,1,1,1
SAZLUXOF,1,1,1,1
LYBLHAUV,1,1,1,1
ECQLVPLD,1,1,1,1
XPYBOTGN,1,1,1,1
WBWMFAMX,1,1,1,1
ZMXEDLJV,1,1,1,1
IHIIVJTN,1,1,1,1
MHVIDURS,1,1,1,1
UJEVDOUB,1,1,1,1
TOKWDCFN,1,1,1,1
YBXXTILW,1,1,1,1
NNALFZWK,1,1,1,1
ZWFDQUVT,1,1,1,1
CMOQGIOJ,1,1,1,1
JSLBRZAT,1,1,1,1
DWWZBDSG,1,1,1,1
GPJEXISU,1,1,1,1
IVWHVNCR,1,1,1,1
SZHHJEFC,1,1,1,1
QSWWAQYM,1,1,1,1
NHWAIKWR,1,1,1,1
FBVMHSVR,1,1,1,1
IPDDNSAB,1,1,1,1
IWALQGWZ,1,1,1,1
ZKHGOAHZ,1,1,1,1
CLMVVEBA,1,1,1,1
BITPUXPG,1,1,1,1
KTLEOEIL,1,1,1,1
PBBRJTLP,1,1,1,1
EDHLCPSD,1,1,1,1
OZLGTDIX,1,1,1,1
HBRWJBKL,1,1,1,1
JJRGIEYV,1,1,1,1
TQFJVDND,1,1,1,1
WAAYPMZR,1,1,1,1
GUIATMWY,1,1,1,1
PJOMERQX,1,1,1,1
GCISDBWM,1,1,1,1
OXDENZXD,1,1,1,1
USDFCHOG,1,1,1,1
HXUKRDPH,1,1,1,1
OHEMPAXX,1,1,1,1
BYYSYEMK,1,1,1,1
YORLUQQM,1,1,1,1
GBLVJJXZ,1,1,1,1
JGAZCCHZ,1,1,1,1
HGBWYAHD,1,1,1,1
OLVPKVUK,1,1,1,1
FVIFJRDV,1,1,1,1
FTKXNSYA,1,1,1,1
PHPCYOBW,1,1,1,1
MODWJSRB,1,1,1,1
YJUIOMDR,1,1,1,1
RAHVQTEG,1,1,1,1
OMLPCQNL,1,1,1,1
TTIWZWFZ,1,1,1,1
AOTGVBCA,1,1,1,1
MQLVAIVJ,1,1,1,1
IEDLWSFR,1,1,1,1
BYUCVJHT,1,1,1,1
LNHMGOFV,1,1,1,1
ZJWANCIR,1,1,1,1
NVINYMHD,1,1,1,1
NFOCMPRM,1,1,1,1
OCBBZKSI,1,1,1,1
VVFLLJEA,1,1,1,1
LBBFLPRN,1,1,1,1
AMXVEJUI,1,1,1,1
RNSQTGSO,1,1,1,1
JYPENMMB,1,1,1,1
SDFMCYEI,1,1,1,1
SQRLAQMJ,1,1,1,1
MOYTSAOK,1,1,1,1
GPOHSHUO,1,1,1,1
ULUMBRGF,1,1,1,1
ICUEHWWU,1,1,1,1
QWSFSYRI,1,1,1,1
IOOTORVH,1,1,1,1
DFFRIAXQ,1,1,1,1
BEGZIYAV,1,1,1,1
TYDQAYUE,1,1,1,1
XSTBNBKY,1,1,1,1
UQFMNPSZ,1,1,1,1
KDKVNUJV,1,1,1,1
MKDIEVWC,1,1,1,1
DBOUFDMO,1,1,1,1
XVCEQKEB,1,1,1,1
EXTNDKEQ,1,1,1,1
NENALQIN,1,1,1,1
RVDRICZQ,1,1,1,1
ZFIXFDXQ,1,1,1,1
